10x20,62.0,178,"[1, 0, 0, 0, 3, 0, 1, 1, 1, 1, 2, 1, 1, 2, 3, 3]",55.0,"[1, 0, 0, 3, 0, 0, 1, 0, 1, 1, 1, 1, 1, 2, 2, 2, 3, 3]",55.0,"[1, 0, 0, 3, 0, 0, 1, 0, 1, 1, 1, 1, 1, 2, 2, 2, 3, 3]",55.0,"[1, 0, 0, 3, 0, 0, 1, 0, 1, 1, 1, 1, 1, 2, 2, 2, 3, 3]",55.0,"[1, 0, 0, 3, 0, 0, 1, 0, 1, 1, 1, 1, 1, 2, 2, 2, 3, 3]",59.0,"[1, 0, 0, 3, 0, 0, 1, 1, 0, 1, 1, 2, 2, 1, 2, 1, 3, 3]",55.0,"[1, 0, 0, 3, 0, 0, 1, 0, 1, 1, 1, 1, 1, 2, 2, 2, 3, 3]",55.0,"[1, 0, 0, 3, 0, 0, 1, 0, 1, 1, 1, 1, 1, 2, 2, 2, 3, 3]",55.0,"[1, 0, 0, 3, 0, 0, 1, 0, 1, 1, 1, 1, 1, 2, 2, 2, 3, 3]",55.0,"[1, 0, 0, 3, 0, 0, 1, 0, 1, 1, 1, 1, 1, 2, 2, 2, 3, 3]",55.0,"[1, 0, 0, 3, 0, 0, 1, 0, 1, 1, 1, 1, 1, 2, 2, 2, 3, 3]"

8x8,42.0,109,"[0, 0, 0, 0, 0, 1, 2, 2, 1, 1, 2]",25.0,"[0, 0, 0, 0, 1, 0, 1, 1, 2, 2, 2]",25.0,"[0, 0, 0, 0, 1, 0, 1, 1, 2, 2, 2]",25.0,"[0, 0, 0, 0, 1, 0, 1, 1, 2, 2, 2]",25.0,"[0, 0, 0, 0, 1, 0, 1, 1, 2, 2, 2]",42.0,"[0, 0, 0, 0, 0, 1, 2, 2, 1, 1, 2]",25.0,"[0, 0, 0, 0, 1, 0, 1, 1, 2, 2, 2]",25.0,"[0, 0, 0, 0, 1, 0, 1, 1, 2, 2, 2]",25.0,"[0, 0, 0, 0, 1, 0, 1, 1, 2, 2, 2]",25.0,"[0, 0, 0, 0, 1, 0, 1, 1, 2, 2, 2]",25.0,"[0, 0, 0, 0, 1, 0, 1, 1, 2, 2, 2]"

15x17,95.0,431,"[0, 0, 0, 0, 0, 1, 0, 0, 1, 0, 0, 0, 0, 1, 0, 0, 3, 1, 2, 1, 1, 1, 1, 1, 1, 1, 0, 1, 1, 1]",77.0,"[0, 0, 0, 0, 0, 1, 0, 0, 1, 0, 0, 1, 0, 0, 0, 0, 3, 1, 2, 1, 1, 1, 1, 1, 1, 1, 0, 1, 1, 1]",77.0,"[0, 0, 0, 0, 0, 1, 0, 0, 1, 0, 0, 1, 0, 0, 0, 0, 3, 1, 2, 1, 1, 1, 1, 1, 1, 1, 0, 1, 1, 1]",77.0,"[0, 0, 0, 0, 0, 1, 0, 0, 1, 0, 0, 1, 0, 0, 0, 0, 3, 1, 2, 1, 1, 1, 1, 1, 1, 1, 0, 1, 1, 1]",77.0,"[0, 0, 0, 0, 0, 1, 0, 0, 1, 0, 0, 1, 0, 0, 0, 0, 3, 1, 2, 1, 1, 1, 1, 1, 1, 1, 0, 1, 1, 1]",77.0,"[0, 0, 0, 0, 0, 1, 0, 0, 1, 0, 0, 1, 0, 0, 0, 0, 3, 1, 2, 1, 1, 1, 1, 1, 1, 1, 0, 1, 1, 1]",77.0,"[0, 0, 0, 0, 0, 1, 0, 0, 1, 0, 0, 1, 0, 0, 0, 0, 3, 1, 2, 1, 1, 1, 1, 1, 1, 1, 0, 1, 1, 1]",77.0,"[0, 0, 0, 0, 0, 1, 0, 0, 1, 0, 0, 1, 0, 0, 0, 0, 3, 1, 2, 1, 1, 1, 1, 1, 1, 1, 0, 1, 1, 1]",77.0,"[0, 0, 0, 0, 0, 1, 0, 0, 1, 0, 0, 1, 0, 0, 0, 0, 3, 1, 2, 1, 1, 1, 1, 1, 1, 1, 0, 1, 1, 1]",77.0,"[0, 0, 0, 0, 0, 1, 0, 0, 1, 0, 0, 1, 0, 0, 0, 0, 3, 1, 2, 1, 1, 1, 1, 1, 1, 1, 0, 1, 1, 1]",77.0,"[0, 0, 0, 0, 0, 1, 0, 0, 1, 0, 0, 1, 0, 0, 0, 0, 3, 1, 2, 1, 1, 1, 1, 1, 1, 1, 0, 1, 1, 1]"

20x12,0,0,[],0,[],0,[],0,[],0,[],0,[],0,[],0,[],0,[],0,[],0,[]

11x8,92.0,219,"[1, 0, 0, 0, 1, 1, 1, 1, 0, 0, 0, 0, 3, 3, 3, 3, 0, 3, 1, 1]",77.0,"[1, 0, 1, 0, 1, 1, 1, 0, 0, 0, 0, 0, 3, 3, 3, 3, 0, 3, 1, 1]",77.0,"[1, 0, 1, 0, 1, 1, 1, 0, 0, 0, 0, 0, 3, 3, 3, 3, 0, 3, 1, 1]",77.0,"[1, 0, 1, 0, 1, 1, 1, 0, 0, 0, 0, 0, 3, 3, 3, 3, 0, 3, 1, 1]",77.0,"[1, 0, 1, 0, 1, 1, 1, 0, 0, 0, 0, 0, 3, 3, 3, 3, 0, 3, 1, 1]",77.0,"[1, 0, 1, 0, 1, 1, 1, 0, 0, 0, 0, 0, 3, 3, 3, 3, 0, 3, 1, 1]",77.0,"[1, 0, 1, 0, 1, 1, 1, 0, 0, 0, 0, 0, 3, 3, 3, 3, 0, 3, 1, 1]",77.0,"[1, 0, 1, 0, 1, 1, 1, 0, 0, 0, 0, 0, 3, 3, 3, 3, 0, 3, 1, 1]",77.0,"[1, 0, 1, 0, 1, 1, 1, 0, 0, 0, 0, 0, 3, 3, 3, 3, 0, 3, 1, 1]",77.0,"[1, 0, 1, 0, 1, 1, 1, 0, 0, 0, 0, 0, 3, 3, 3, 3, 0, 3, 1, 1]",77.0,"[1, 0, 1, 0, 1, 1, 1, 0, 0, 0, 0, 0, 3, 3, 3, 3, 0, 3, 1, 1]"

20x19,160.0,894,"[0, 0, 0, 0, 0, 0, 1, 0, 0, 0, 1, 0, 1, 1, 1, 1, 1, 1, 0, 0, 0, 0, 0, 0, 0, 1, 1, 1, 1, 0, 3, 3, 3, 3, 3, 3, 3, 2, 2, 2, 3, 2]",106.0,"[0, 1, 0, 1, 1, 1, 1, 1, 1, 1, 0, 0, 0, 1, 0, 1, 0, 0, 0, 0, 0, 0, 0, 0, 0, 0, 0, 3, 1, 1, 1, 3, 2, 3, 2, 3, 3, 2, 3, 3, 0, 3, 3, 2]",106.0,"[0, 1, 0, 1, 1, 1, 1, 1, 1, 1, 0, 0, 0, 1, 0, 1, 0, 0, 0, 0, 0, 0, 0, 0, 0, 0, 0, 3, 1, 1, 1, 3, 2, 3, 2, 3, 3, 2, 3, 3, 0, 3, 3, 2]",106.0,"[0, 1, 0, 1, 1, 1, 1, 1, 1, 1, 0, 0, 0, 1, 0, 1, 0, 0, 0, 0, 0, 0, 0, 0, 0, 0, 0, 3, 1, 1, 1, 3, 2, 3, 2, 3, 3, 2, 3, 3, 0, 3, 3, 2]",106.0,"[0, 1, 0, 1, 1, 1, 1, 1, 1, 1, 0, 0, 0, 1, 0, 1, 0, 0, 0, 0, 0, 0, 0, 0, 0, 0, 0, 1, 1, 3, 3, 3, 1, 2, 2, 3, 3, 2, 3, 3, 0, 3, 3, 2]",111.0,"[0, 1, 0, 1, 1, 1, 1, 1, 1, 1, 0, 0, 0, 1, 0, 1, 0, 0, 0, 0, 0, 0, 0, 0, 0, 0, 0, 1, 1, 3, 3, 3, 2, 2, 3, 2, 3, 3, 0, 3, 3, 2]",106.0,"[0, 1, 0, 1, 1, 1, 1, 1, 1, 1, 0, 0, 0, 1, 0, 1, 0, 0, 0, 0, 0, 0, 0, 0, 0, 0, 0, 3, 1, 1, 1, 3, 2, 3, 2, 3, 3, 2, 3, 3, 0, 3, 3, 2]",106.0,"[0, 1, 0, 1, 1, 1, 1, 1, 1, 1, 0, 0, 0, 1, 0, 1, 0, 0, 0, 0, 0, 0, 0, 0, 0, 0, 0, 3, 1, 1, 1, 3, 2, 3, 2, 3, 3, 2, 3, 3, 0, 3, 3, 2]",106.0,"[0, 1, 0, 1, 1, 1, 1, 1, 1, 1, 0, 0, 0, 1, 0, 1, 0, 0, 0, 0, 0, 0, 0, 0, 0, 0, 0, 3, 1, 1, 1, 3, 2, 3, 2, 3, 3, 2, 3, 3, 0, 3, 3, 2]",106.0,"[0, 1, 0, 1, 1, 1, 1, 1, 1, 1, 0, 0, 0, 1, 0, 1, 0, 0, 0, 0, 0, 0, 0, 0, 0, 0, 0, 3, 1, 1, 1, 3, 2, 3, 2, 3, 3, 2, 3, 3, 0, 3, 3, 2]",106.0,"[0, 1, 0, 1, 1, 1, 1, 1, 1, 1, 0, 0, 0, 1, 0, 1, 0, 0, 0, 0, 0, 0, 0, 0, 0, 0, 0, 3, 1, 1, 1, 3, 2, 3, 2, 3, 3, 2, 3, 3, 0, 3, 3, 2]"

13x11,114.0,362,"[0, 1, 0, 1, 1, 1, 1, 1, 0, 0, 0, 3, 3, 0, 0, 0, 0, 0, 0, 3, 3, 3, 3, 1, 1, 0, 1, 1]",77.0,"[0, 1, 0, 1, 1, 1, 1, 1, 3, 3, 0, 0, 3, 0, 0, 0, 3, 3, 3, 0, 0, 0, 0, 1, 1, 1, 0, 1]",77.0,"[0, 1, 0, 1, 1, 1, 1, 1, 3, 3, 0, 0, 3, 0, 0, 0, 3, 3, 3, 0, 0, 0, 0, 1, 1, 1, 0, 1]",77.0,"[0, 1, 0, 1, 1, 1, 1, 1, 3, 3, 0, 0, 3, 0, 0, 0, 3, 3, 3, 0, 0, 0, 0, 1, 1, 1, 0, 1]",77.0,"[0, 1, 0, 1, 1, 1, 1, 1, 3, 3, 0, 0, 3, 0, 0, 0, 3, 3, 3, 0, 0, 0, 0, 1, 1, 1, 0, 1]",77.0,"[0, 1, 0, 1, 1, 1, 1, 1, 3, 3, 0, 0, 3, 0, 0, 0, 3, 3, 3, 0, 0, 0, 0, 1, 1, 1, 0, 1]",77.0,"[0, 1, 0, 1, 1, 1, 1, 1, 3, 3, 0, 0, 3, 0, 0, 0, 3, 3, 3, 0, 0, 0, 0, 1, 1, 1, 0, 1]",77.0,"[0, 1, 0, 1, 1, 1, 1, 1, 3, 3, 0, 0, 3, 0, 0, 0, 3, 3, 3, 0, 0, 0, 0, 1, 1, 1, 0, 1]",77.0,"[0, 1, 0, 1, 1, 1, 1, 1, 3, 3, 0, 0, 3, 0, 0, 0, 3, 3, 3, 0, 0, 0, 0, 1, 1, 1, 0, 1]",77.0,"[0, 1, 0, 1, 1, 1, 1, 1, 3, 3, 0, 0, 3, 0, 0, 0, 3, 3, 3, 0, 0, 0, 0, 1, 1, 1, 0, 1]",77.0,"[0, 1, 0, 1, 1, 1, 1, 1, 3, 3, 0, 0, 3, 0, 0, 0, 3, 3, 3, 0, 0, 0, 0, 1, 1, 1, 0, 1]"

20x11,141.0,587,"[0, 1, 1, 1, 0, 0, 0, 1, 0, 0, 0, 0, 0, 3, 0, 0, 0, 0, 0, 0, 1, 0, 1, 1, 1, 1, 1, 1, 2, 2, 2, 2, 2, 2, 2, 2]",92.0,"[1, 1, 0, 1, 0, 0, 1, 0, 0, 0, 0, 0, 3, 0, 0, 0, 0, 1, 1, 1, 1, 0, 1, 1, 0, 0, 0, 1, 2, 2, 2, 2, 2, 2, 2, 2]",92.0,"[1, 1, 0, 1, 0, 0, 1, 0, 0, 0, 0, 0, 3, 0, 0, 0, 0, 1, 1, 1, 1, 0, 1, 1, 0, 0, 0, 1, 2, 2, 2, 2, 2, 2, 2, 2]",92.0,"[1, 1, 0, 1, 0, 0, 1, 0, 0, 0, 0, 0, 3, 0, 0, 0, 0, 1, 1, 1, 1, 0, 1, 1, 0, 0, 0, 1, 2, 2, 2, 2, 2, 2, 2, 2]",92.0,"[1, 1, 0, 1, 0, 0, 1, 0, 0, 0, 0, 0, 3, 0, 0, 0, 0, 1, 1, 1, 1, 0, 1, 1, 0, 0, 0, 1, 2, 2, 2, 2, 2, 2, 2, 2]",92.0,"[1, 1, 0, 1, 0, 0, 1, 0, 0, 0, 0, 0, 3, 0, 0, 0, 0, 1, 1, 1, 1, 0, 1, 1, 0, 0, 0, 1, 2, 2, 2, 2, 2, 2, 2, 2]",92.0,"[1, 1, 0, 1, 0, 0, 1, 0, 0, 0, 0, 0, 3, 0, 0, 0, 0, 1, 1, 1, 1, 0, 1, 1, 0, 0, 0, 1, 2, 2, 2, 2, 2, 2, 2, 2]",92.0,"[1, 1, 0, 1, 0, 0, 1, 0, 0, 0, 0, 0, 3, 0, 0, 0, 0, 1, 1, 1, 1, 0, 1, 1, 0, 0, 0, 1, 2, 2, 2, 2, 2, 2, 2, 2]",92.0,"[1, 1, 0, 1, 0, 0, 1, 0, 0, 0, 0, 0, 3, 0, 0, 0, 0, 1, 1, 1, 1, 0, 1, 1, 0, 0, 0, 1, 2, 2, 2, 2, 2, 2, 2, 2]",92.0,"[1, 1, 0, 1, 0, 0, 1, 0, 0, 0, 0, 0, 3, 0, 0, 0, 0, 1, 1, 1, 1, 0, 1, 1, 0, 0, 0, 1, 2, 2, 2, 2, 2, 2, 2, 2]",92.0,"[1, 1, 0, 1, 0, 0, 1, 0, 0, 0, 0, 0, 3, 0, 0, 0, 0, 1, 1, 1, 1, 0, 1, 1, 0, 0, 0, 1, 2, 2, 2, 2, 2, 2, 2, 2]"

9x17,109.0,460,"[0, 1, 1, 1, 1, 0, 1, 0, 0, 0, 1, 0, 0, 1, 0, 1, 1, 1, 3, 2, 2, 1, 2, 1, 1, 2, 1, 1, 2, 2]",69.0,"[1, 0, 1, 1, 1, 0, 1, 0, 1, 0, 0, 0, 0, 1, 1, 1, 0, 1, 3, 2, 3, 2, 2, 2, 2, 1, 2, 1, 2, 1, 1, 1, 1, 0]",69.0,"[1, 0, 1, 1, 1, 0, 1, 0, 1, 0, 0, 0, 0, 1, 1, 1, 0, 1, 3, 2, 3, 2, 2, 2, 2, 1, 2, 1, 2, 1, 1, 1, 1, 0]",69.0,"[1, 0, 1, 1, 1, 0, 1, 0, 1, 0, 0, 0, 0, 1, 1, 1, 0, 1, 3, 2, 3, 2, 2, 2, 2, 1, 2, 1, 2, 1, 1, 1, 1, 0]",69.0,"[1, 0, 1, 1, 1, 0, 1, 0, 1, 0, 0, 0, 0, 1, 1, 1, 0, 1, 3, 2, 3, 2, 2, 2, 2, 1, 2, 1, 2, 1, 1, 1, 1, 0]",76.0,"[1, 0, 1, 1, 1, 0, 1, 0, 1, 0, 0, 0, 0, 1, 1, 1, 0, 1, 3, 2, 2, 2, 2, 1, 1, 1, 1, 1, 2, 2]",69.0,"[1, 0, 1, 1, 1, 0, 1, 0, 1, 0, 0, 0, 0, 1, 1, 1, 0, 1, 3, 2, 3, 2, 2, 2, 2, 1, 2, 1, 2, 1, 1, 1, 1, 0]",69.0,"[1, 0, 1, 1, 1, 0, 1, 0, 1, 0, 0, 0, 0, 1, 1, 1, 0, 1, 3, 2, 3, 2, 2, 2, 2, 1, 2, 1, 2, 1, 1, 1, 1, 0]",69.0,"[1, 0, 1, 1, 1, 0, 1, 0, 1, 0, 0, 0, 0, 1, 1, 1, 0, 1, 3, 2, 3, 2, 2, 2, 2, 1, 2, 1, 2, 1, 1, 1, 1, 0]",69.0,"[1, 0, 1, 1, 1, 0, 1, 0, 1, 0, 0, 0, 0, 1, 1, 1, 0, 1, 3, 2, 3, 2, 2, 2, 2, 1, 2, 1, 2, 1, 1, 1, 1, 0]",69.0,"[1, 0, 1, 1, 1, 0, 1, 0, 1, 0, 0, 0, 0, 1, 1, 1, 0, 1, 3, 2, 3, 2, 2, 2, 2, 1, 2, 1, 2, 1, 1, 1, 1, 0]"

Edge1,3.0,4,"[1, 0, 3]",3.0,"[1, 0, 3]",3.0,"[1, 0, 3]",3.0,"[1, 0, 3]",3.0,"[1, 0, 3]",3.0,"[1, 0, 3]",3.0,"[1, 0, 3]",3.0,"[1, 0, 3]",3.0,"[1, 0, 3]",3.0,"[1, 0, 3]",3.0,"[1, 0, 3]"

Edge2,4.0,8,"[0, 2, 1, 0]",4.0,"[0, 2, 1, 0]",4.0,"[0, 2, 1, 0]",4.0,"[0, 2, 1, 0]",4.0,"[0, 2, 1, 0]",4.0,"[0, 2, 1, 0]",4.0,"[0, 2, 1, 0]",4.0,"[0, 2, 1, 0]",4.0,"[0, 2, 1, 0]",4.0,"[0, 2, 1, 0]",4.0,"[0, 2, 1, 0]"

Edge3,23.0,10,"[1, 1, 0, 0, 3]",23.0,"[1, 1, 0, 0, 3]",23.0,"[1, 1, 0, 0, 3]",23.0,"[1, 1, 0, 0, 3]",23.0,"[1, 1, 0, 0, 3]",23.0,"[1, 1, 0, 0, 3]",23.0,"[1, 1, 0, 0, 3]",23.0,"[1, 1, 0, 0, 3]",23.0,"[1, 1, 0, 0, 3]",23.0,"[1, 1, 0, 0, 3]",23.0,"[1, 1, 0, 0, 3]"

35x29,180.0,1703,"[0, 1, 1, 0, 0, 0, 0, 0, 0, 0, 0, 1, 1, 1, 1, 1, 0, 1, 1, 1, 1, 1, 1, 1, 1, 1, 1, 1, 1, 1, 1, 1, 2, 2, 0, 0, 0, 0, 0, 3, 0, 3, 3, 0, 0]",108.0,"[0, 1, 1, 0, 1, 1, 1, 1, 1, 1, 1, 2, 1, 1, 0, 0, 1, 1, 0, 0, 0, 0, 1, 1, 1, 1, 0, 0, 0, 1, 1, 0, 1, 1, 2, 2, 1, 2, 0, 3, 0, 0, 3, 0, 0, 0, 3, 0, 0]",108.0,"[0, 1, 1, 0, 1, 1, 1, 1, 1, 1, 1, 2, 1, 1, 0, 0, 1, 1, 0, 0, 0, 0, 1, 1, 1, 1, 0, 0, 0, 1, 1, 0, 1, 1, 2, 2, 1, 2, 0, 3, 0, 0, 3, 0, 0, 0, 3, 0, 0]",108.0,"[0, 1, 1, 0, 1, 1, 1, 1, 1, 1, 1, 2, 1, 1, 0, 0, 1, 1, 0, 0, 0, 0, 1, 1, 1, 1, 0, 0, 0, 1, 1, 0, 1, 1, 2, 2, 1, 2, 0, 3, 0, 0, 3, 0, 0, 0, 3, 0, 0]",108.0,"[0, 1, 1, 0, 1, 1, 1, 1, 1, 1, 1, 2, 1, 1, 0, 0, 1, 1, 0, 0, 0, 0, 1, 1, 1, 1, 0, 0, 0, 1, 1, 0, 1, 1, 2, 2, 1, 2, 0, 3, 0, 0, 3, 0, 0, 0, 3, 0, 0]",133.0,"[0, 1, 1, 0, 1, 1, 1, 1, 0, 1, 1, 0, 0, 0, 0, 0, 0, 1, 1, 1, 0, 1, 1, 2, 1, 2, 2, 1, 1, 1, 0, 1, 1, 2, 1, 1, 1, 0, 0, 3, 0, 0, 3, 3, 2, 3, 1, 0, 0, 3, 0, 0, 1, 0, 0]",108.0,"[0, 1, 1, 0, 1, 1, 1, 1, 1, 1, 1, 2, 1, 1, 0, 0, 1, 1, 0, 0, 0, 0, 1, 1, 1, 1, 0, 0, 0, 1, 1, 0, 1, 1, 2, 2, 1, 2, 0, 3, 0, 0, 3, 0, 0, 0, 3, 0, 0]",108.0,"[0, 1, 1, 0, 1, 1, 1, 1, 1, 1, 1, 2, 1, 1, 0, 0, 1, 1, 0, 0, 0, 0, 1, 1, 1, 1, 0, 0, 0, 1, 1, 0, 1, 1, 2, 2, 1, 2, 0, 3, 0, 0, 3, 0, 0, 0, 3, 0, 0]",108.0,"[0, 1, 1, 0, 1, 1, 1, 1, 1, 1, 1, 2, 1, 1, 0, 0, 1, 1, 0, 0, 0, 0, 1, 1, 1, 1, 0, 0, 0, 1, 1, 0, 1, 1, 2, 2, 1, 2, 0, 3, 0, 0, 3, 0, 0, 0, 3, 0, 0]",108.0,"[0, 1, 1, 0, 1, 1, 1, 1, 1, 1, 1, 2, 1, 1, 0, 0, 1, 1, 0, 0, 0, 0, 1, 1, 1, 1, 0, 0, 0, 1, 1, 0, 1, 1, 2, 2, 1, 2, 0, 3, 0, 0, 3, 0, 0, 0, 3, 0, 0]",108.0,"[0, 1, 1, 0, 1, 1, 1, 1, 1, 1, 1, 2, 1, 1, 0, 0, 1, 1, 0, 0, 0, 0, 1, 1, 1, 1, 0, 0, 0, 1, 1, 0, 1, 1, 2, 2, 1, 2, 0, 3, 0, 0, 3, 0, 0, 0, 3, 0, 0]"

45x38,0,0,[],0,[],0,[],0,[],0,[],0,[],0,[],0,[],0,[],0,[],0,[]

47x48,283.0,3492,"[1, 1, 1, 0, 0, 0, 0, 0, 0, 0, 0, 0, 1, 0, 0, 1, 1, 1, 1, 0, 0, 0, 1, 1, 1, 1, 1, 0, 1, 1, 1, 1, 1, 1, 1, 1, 1, 1, 1, 1, 1, 0, 0, 0, 0, 0, 1, 0, 0, 0, 0, 0, 0, 2, 2, 2, 2, 2, 2, 3, 3, 3, 3, 2, 3, 2]",197.0,"[1, 1, 1, 0, 0, 0, 0, 0, 0, 1, 1, 1, 1, 1, 1, 0, 1, 1, 1, 1, 0, 1, 1, 1, 0, 1, 1, 1, 1, 0, 1, 1, 0, 1, 0, 0, 1, 0, 0, 3, 1, 1, 1, 0, 0, 0, 0, 0, 3, 0, 0, 1, 0, 0, 0, 1, 0, 2, 3, 2, 3, 3, 3, 2, 3, 2, 2, 2, 2, 2]",197.0,"[1, 1, 1, 0, 0, 0, 0, 0, 0, 1, 1, 1, 1, 1, 1, 0, 1, 1, 1, 1, 0, 1, 1, 1, 0, 1, 1, 1, 1, 0, 1, 1, 0, 1, 0, 0, 1, 0, 0, 3, 1, 1, 1, 0, 0, 0, 0, 0, 3, 0, 0, 1, 0, 0, 0, 1, 0, 2, 3, 2, 3, 3, 3, 2, 3, 2, 2, 2, 2, 2]",197.0,"[1, 1, 1, 0, 0, 0, 0, 0, 0, 1, 1, 1, 1, 1, 1, 0, 1, 1, 1, 1, 0, 1, 1, 1, 0, 1, 1, 1, 1, 0, 1, 1, 0, 1, 0, 0, 1, 0, 0, 3, 1, 1, 1, 0, 0, 0, 0, 0, 3, 0, 0, 1, 0, 0, 0, 1, 0, 2, 3, 2, 3, 3, 3, 2, 3, 2, 2, 2, 2, 2]",197.0,"[1, 1, 1, 0, 0, 0, 0, 0, 0, 1, 1, 1, 1, 1, 1, 0, 1, 1, 1, 1, 0, 1, 1, 1, 0, 1, 1, 1, 1, 0, 1, 1, 0, 1, 0, 0, 1, 0, 0, 3, 1, 1, 1, 0, 0, 0, 0, 0, 3, 0, 0, 1, 0, 0, 0, 1, 0, 2, 3, 2, 3, 3, 3, 2, 3, 2, 2, 2, 2, 2]",209.0,"[1, 1, 1, 0, 1, 0, 0, 3, 0, 0, 0, 1, 0, 1, 0, 0, 1, 1, 1, 1, 0, 1, 1, 0, 0, 1, 1, 0, 0, 1, 1, 0, 0, 1, 1, 0, 1, 0, 0, 1, 1, 1, 1, 0, 0, 0, 0, 1, 0, 1, 1, 1, 0, 1, 0, 2, 3, 2, 2, 2, 3, 2, 2, 1, 2, 2, 2, 2, 2, 3, 3, 3, 0, 3, 0, 0]",197.0,"[1, 1, 1, 0, 0, 0, 0, 0, 0, 1, 1, 1, 1, 1, 1, 0, 1, 1, 1, 1, 0, 1, 1, 1, 0, 1, 1, 1, 1, 0, 1, 1, 0, 1, 0, 1, 0, 0, 0, 3, 1, 1, 1, 0, 0, 0, 0, 0, 3, 0, 0, 1, 0, 0, 0, 1, 0, 2, 3, 2, 3, 3, 3, 2, 3, 2, 2, 2, 2, 2]",197.0,"[1, 1, 1, 0, 0, 0, 0, 0, 0, 1, 1, 1, 1, 1, 1, 0, 1, 1, 1, 1, 0, 1, 1, 1, 0, 1, 1, 1, 1, 0, 1, 1, 0, 1, 0, 1, 0, 0, 0, 3, 1, 1, 1, 0, 0, 0, 0, 0, 3, 0, 0, 1, 0, 0, 0, 1, 0, 2, 3, 2, 3, 3, 3, 2, 3, 2, 2, 2, 2, 2]",197.0,"[1, 1, 1, 0, 0, 0, 0, 0, 0, 1, 1, 1, 1, 1, 1, 0, 1, 1, 1, 1, 0, 1, 1, 1, 0, 1, 1, 1, 1, 0, 1, 1, 0, 1, 0, 1, 0, 0, 0, 3, 1, 1, 1, 0, 0, 0, 0, 0, 3, 0, 0, 1, 0, 0, 0, 1, 0, 2, 3, 2, 3, 3, 3, 2, 3, 2, 2, 2, 2, 2]",197.0,"[1, 1, 1, 0, 0, 0, 0, 0, 0, 1, 1, 1, 1, 1, 1, 0, 1, 1, 1, 1, 0, 1, 1, 1, 0, 1, 1, 1, 1, 0, 1, 1, 0, 1, 0, 1, 0, 0, 0, 3, 1, 1, 1, 0, 0, 0, 0, 0, 3, 0, 0, 1, 0, 0, 0, 1, 0, 2, 3, 2, 3, 3, 3, 2, 3, 2, 2, 2, 2, 2]",197.0,"[1, 1, 1, 0, 0, 0, 0, 0, 0, 1, 1, 1, 1, 1, 1, 0, 1, 1, 1, 1, 0, 1, 1, 1, 0, 1, 1, 1, 1, 0, 1, 1, 0, 1, 0, 1, 0, 0, 0, 3, 1, 1, 1, 0, 0, 0, 0, 0, 3, 0, 0, 1, 0, 0, 0, 1, 0, 2, 3, 2, 3, 3, 3, 2, 3, 2, 2, 2, 2, 2]"

22x40,357.0,3081,"[0, 0, 0, 1, 1, 1, 1, 1, 1, 1, 0, 1, 1, 0, 1, 1, 0, 1, 1, 1, 1, 0, 1, 1, 1, 1, 1, 1, 0, 0, 1, 1, 1, 1, 1, 1, 1, 0, 0, 0, 1, 1, 1, 1, 1, 1, 1, 1, 1, 1, 1, 3, 3, 3, 3, 3, 3, 3, 3, 3, 0, 3, 3, 3, 3, 3, 2, 3, 3, 0, 0, 0, 0, 3, 3, 3, 3, 3, 0, 3, 0, 0, 3, 3, 3, 0, 3, 3, 3, 3, 3, 3, 3, 3, 3, 0, 3, 3, 3, 3, 3, 2, 2]",267.0,"[0, 0, 1, 0, 1, 1, 1, 1, 1, 1, 1, 1, 1, 0, 0, 1, 0, 1, 1, 1, 1, 1, 2, 1, 1, 1, 0, 1, 1, 2, 1, 1, 1, 1, 0, 0, 0, 1, 1, 0, 1, 1, 1, 1, 1, 1, 1, 0, 0, 0, 1, 1, 1, 1, 1, 3, 3, 3, 3, 3, 2, 2, 2, 3, 3, 3, 3, 3, 0, 3, 0, 0, 0, 3, 3, 3, 2, 3, 3, 0, 0, 0, 0, 3, 3, 3, 2, 3, 3, 3, 3, 3, 2, 3, 3, 3, 3, 3, 3, 3, 3, 0, 3, 0, 3, 3, 3, 0, 3, 0, 0, 0, 0, 3, 3, 2, 2]",267.0,"[0, 0, 1, 0, 1, 1, 1, 1, 1, 1, 1, 1, 1, 0, 0, 1, 0, 1, 1, 1, 1, 1, 2, 1, 1, 1, 0, 1, 1, 2, 1, 1, 1, 1, 0, 0, 0, 1, 1, 0, 1, 1, 1, 1, 1, 1, 1, 0, 0, 0, 1, 1, 1, 1, 1, 3, 3, 3, 3, 3, 2, 2, 2, 3, 3, 3, 3, 3, 0, 3, 0, 0, 0, 3, 3, 3, 2, 3, 3, 0, 0, 0, 0, 3, 3, 3, 2, 3, 3, 3, 3, 3, 2, 3, 3, 3, 3, 3, 3, 3, 3, 0, 3, 0, 3, 3, 3, 0, 3, 0, 0, 0, 0, 3, 3, 2, 2]",267.0,"[0, 0, 1, 0, 1, 1, 1, 1, 1, 1, 1, 1, 1, 0, 0, 1, 0, 1, 1, 1, 1, 1, 2, 1, 1, 1, 0, 1, 1, 2, 1, 1, 1, 1, 0, 0, 0, 1, 1, 0, 1, 1, 1, 1, 1, 1, 1, 0, 0, 0, 1, 1, 1, 1, 1, 3, 3, 3, 3, 3, 2, 2, 2, 3, 3, 3, 3, 3, 0, 3, 0, 0, 0, 3, 3, 3, 2, 3, 3, 0, 0, 0, 0, 3, 3, 3, 2, 3, 3, 3, 3, 3, 2, 3, 3, 3, 3, 3, 3, 3, 3, 0, 3, 0, 3, 3, 3, 0, 3, 0, 0, 0, 0, 3, 3, 2, 2]",267.0,"[0, 0, 1, 0, 1, 1, 1, 1, 1, 1, 1, 1, 1, 0, 0, 1, 0, 1, 1, 1, 1, 1, 2, 1, 1, 1, 0, 1, 1, 2, 1, 1, 1, 1, 0, 0, 0, 1, 1, 0, 1, 1, 1, 1, 1, 1, 1, 0, 0, 0, 1, 1, 1, 1, 1, 3, 3, 3, 3, 3, 2, 2, 2, 3, 3, 3, 3, 3, 0, 3, 0, 0, 0, 3, 3, 3, 2, 3, 3, 0, 0, 0, 0, 3, 3, 3, 2, 3, 3, 3, 3, 3, 2, 3, 3, 3, 3, 3, 3, 3, 3, 0, 3, 0, 3, 3, 3, 0, 3, 0, 0, 0, 0, 3, 3, 2, 2]",331.0,"[0, 0, 1, 0, 1, 1, 1, 1, 1, 1, 1, 1, 1, 0, 0, 1, 0, 1, 1, 1, 1, 1, 2, 1, 1, 1, 0, 1, 1, 2, 1, 1, 1, 1, 0, 0, 0, 1, 1, 0, 1, 1, 1, 1, 1, 1, 1, 0, 0, 0, 1, 1, 1, 1, 1, 0, 0, 3, 3, 0, 3, 0, 0, 3, 3, 0, 3, 3, 3, 3, 3, 3, 3, 0, 3, 3, 3, 0, 3, 3, 3, 3, 0, 3, 3, 2, 2, 3, 3, 2, 3, 3, 3, 0, 3, 0, 3, 3, 3, 3, 3, 3, 3, 0, 3, 3, 3, 3, 3, 2, 2]",267.0,"[0, 0, 1, 0, 1, 1, 1, 1, 1, 1, 1, 1, 1, 0, 0, 1, 0, 1, 1, 1, 1, 1, 2, 1, 1, 1, 0, 1, 1, 2, 1, 1, 1, 1, 0, 0, 0, 1, 1, 0, 1, 1, 1, 1, 1, 1, 1, 0, 0, 0, 1, 1, 1, 1, 1, 3, 3, 3, 3, 3, 2, 2, 2, 3, 3, 3, 3, 3, 0, 3, 0, 0, 0, 3, 3, 3, 2, 3, 3, 0, 0, 0, 0, 3, 3, 3, 2, 3, 3, 3, 2, 3, 3, 3, 3, 3, 3, 3, 3, 3, 3, 0, 3, 0, 3, 3, 3, 0, 3, 0, 0, 0, 0, 3, 3, 2, 2]",267.0,"[0, 0, 1, 0, 1, 1, 1, 1, 1, 1, 1, 1, 1, 0, 0, 1, 0, 1, 1, 1, 1, 1, 2, 1, 1, 1, 0, 1, 1, 2, 1, 1, 1, 1, 0, 0, 0, 1, 1, 0, 1, 1, 1, 1, 1, 1, 1, 0, 0, 0, 1, 1, 1, 1, 1, 3, 3, 3, 3, 3, 2, 2, 2, 3, 3, 3, 3, 3, 0, 3, 0, 0, 0, 3, 3, 3, 2, 3, 3, 0, 0, 0, 0, 3, 3, 3, 2, 3, 3, 3, 2, 3, 3, 3, 3, 3, 3, 3, 3, 3, 3, 0, 3, 0, 3, 3, 3, 0, 3, 0, 0, 0, 0, 3, 3, 2, 2]",267.0,"[0, 0, 1, 0, 1, 1, 1, 1, 1, 1, 1, 1, 1, 0, 0, 1, 0, 1, 1, 1, 1, 1, 2, 1, 1, 1, 0, 1, 1, 2, 1, 1, 1, 1, 0, 0, 0, 1, 1, 0, 1, 1, 1, 1, 1, 1, 1, 0, 0, 0, 1, 1, 1, 1, 1, 3, 3, 3, 3, 3, 2, 2, 2, 3, 3, 3, 3, 3, 0, 3, 0, 0, 0, 3, 3, 3, 2, 3, 3, 0, 0, 0, 0, 3, 3, 3, 2, 3, 3, 3, 2, 3, 3, 3, 3, 3, 3, 3, 3, 3, 3, 0, 3, 0, 3, 3, 3, 0, 3, 0, 0, 0, 0, 3, 3, 2, 2]",267.0,"[0, 0, 1, 0, 1, 1, 1, 1, 1, 1, 1, 1, 1, 0, 0, 1, 0, 1, 1, 1, 1, 1, 2, 1, 1, 1, 0, 1, 1, 2, 1, 1, 1, 1, 0, 0, 0, 1, 1, 0, 1, 1, 1, 1, 1, 1, 1, 0, 0, 0, 1, 1, 1, 1, 1, 3, 3, 3, 3, 3, 2, 2, 2, 3, 3, 3, 3, 3, 0, 3, 0, 0, 0, 3, 3, 3, 2, 3, 3, 0, 0, 0, 0, 3, 3, 3, 2, 3, 3, 3, 2, 3, 3, 3, 3, 3, 3, 3, 3, 3, 3, 0, 3, 0, 3, 3, 3, 0, 3, 0, 0, 0, 0, 3, 3, 2, 2]",267.0,"[0, 0, 1, 0, 1, 1, 1, 1, 1, 1, 1, 1, 1, 0, 0, 1, 0, 1, 1, 1, 1, 1, 2, 1, 1, 1, 0, 1, 1, 2, 1, 1, 1, 1, 0, 0, 0, 1, 1, 0, 1, 1, 1, 1, 1, 1, 1, 0, 0, 0, 1, 1, 1, 1, 1, 3, 3, 3, 3, 3, 2, 2, 2, 3, 3, 3, 3, 3, 0, 3, 0, 0, 0, 3, 3, 3, 2, 3, 3, 0, 0, 0, 0, 3, 3, 3, 2, 3, 3, 3, 2, 3, 3, 3, 3, 3, 3, 3, 3, 3, 3, 0, 3, 0, 3, 3, 3, 0, 3, 0, 0, 0, 0, 3, 3, 2, 2]"

21x26,134.0,1245,"[0, 0, 0, 0, 1, 1, 1, 1, 1, 0, 0, 0, 0, 0, 0, 0, 0, 0, 0, 0, 0, 0, 1, 1, 1, 0, 1, 1, 0, 1, 1, 0, 2, 2, 3, 3, 2, 3, 3, 3, 3, 3, 0, 0]",111.0,"[0, 0, 1, 0, 0, 2, 2, 1, 2, 1, 1, 0, 1, 1, 0, 0, 0, 0, 1, 1, 0, 1, 0, 1, 0, 0, 1, 0, 0, 0, 0, 0, 1, 0, 0, 0, 0, 0, 2, 3, 3, 2, 3, 3, 2, 3, 3, 3, 0, 0]",111.0,"[0, 0, 1, 0, 0, 2, 2, 1, 2, 1, 1, 0, 1, 1, 0, 0, 0, 0, 1, 1, 0, 1, 0, 1, 0, 0, 1, 0, 0, 0, 0, 0, 1, 0, 0, 0, 0, 0, 2, 3, 3, 2, 3, 3, 2, 3, 3, 3, 0, 0]",111.0,"[0, 0, 1, 0, 0, 2, 2, 1, 2, 1, 1, 0, 1, 1, 0, 0, 0, 0, 1, 1, 0, 1, 0, 1, 0, 0, 1, 0, 0, 0, 0, 0, 1, 0, 0, 0, 0, 0, 2, 3, 3, 2, 3, 3, 2, 3, 3, 3, 0, 0]",111.0,"[0, 0, 1, 0, 0, 2, 2, 1, 2, 1, 1, 0, 1, 1, 0, 0, 0, 0, 1, 1, 0, 1, 0, 1, 0, 0, 1, 0, 0, 0, 0, 0, 1, 0, 0, 0, 0, 0, 2, 3, 3, 2, 3, 3, 2, 3, 3, 3, 0, 0]",111.0,"[0, 0, 1, 0, 0, 2, 2, 1, 2, 1, 1, 0, 1, 1, 0, 0, 0, 0, 1, 1, 0, 1, 0, 1, 0, 0, 1, 0, 0, 0, 0, 0, 1, 0, 0, 0, 0, 0, 2, 3, 3, 2, 3, 3, 2, 3, 3, 3, 0, 0]",111.0,"[0, 0, 1, 0, 0, 2, 2, 1, 2, 1, 1, 0, 1, 1, 0, 0, 0, 1, 0, 1, 0, 1, 1, 0, 0, 1, 0, 0, 0, 0, 0, 0, 1, 0, 0, 0, 0, 0, 2, 3, 3, 2, 3, 3, 2, 3, 3, 3, 0, 0]",111.0,"[0, 0, 1, 0, 0, 2, 2, 1, 2, 1, 1, 0, 1, 1, 0, 0, 0, 1, 0, 1, 0, 1, 1, 0, 0, 1, 0, 0, 0, 0, 0, 0, 1, 0, 0, 0, 0, 0, 2, 3, 3, 2, 3, 3, 2, 3, 3, 3, 0, 0]",111.0,"[0, 0, 1, 0, 0, 2, 2, 1, 2, 1, 1, 0, 1, 1, 0, 0, 0, 1, 0, 1, 0, 1, 1, 0, 0, 1, 0, 0, 0, 0, 0, 0, 1, 0, 0, 0, 0, 0, 2, 3, 3, 2, 3, 3, 2, 3, 3, 3, 0, 0]",111.0,"[0, 0, 1, 0, 0, 2, 2, 1, 2, 1, 1, 0, 1, 1, 0, 0, 0, 1, 0, 1, 0, 1, 1, 0, 0, 1, 0, 0, 0, 0, 0, 0, 1, 0, 0, 0, 0, 0, 2, 3, 3, 2, 3, 3, 2, 3, 3, 3, 0, 0]",111.0,"[0, 0, 1, 0, 0, 2, 2, 1, 2, 1, 1, 0, 1, 1, 0, 0, 0, 1, 0, 1, 0, 1, 1, 0, 0, 1, 0, 0, 0, 0, 0, 0, 1, 0, 0, 0, 0, 0, 2, 3, 3, 2, 3, 3, 2, 3, 3, 3, 0, 0]"

35x40,159.0,1761,"[0, 1, 0, 1, 1, 1, 1, 1, 1, 0, 1, 1, 1, 1, 1, 1, 1, 1, 1, 1, 1, 2, 2, 2, 0, 0, 0, 1, 1, 1, 1, 1, 1, 1, 1, 2, 1, 1, 1, 1, 0, 1, 1, 1, 1, 1, 1, 2]",122.0,"[1, 1, 0, 0, 1, 1, 1, 1, 1, 0, 1, 1, 1, 1, 1, 2, 1, 1, 1, 1, 1, 1, 2, 2, 1, 0, 1, 1, 2, 1, 1, 1, 1, 0, 0, 1, 1, 1, 1, 1, 0, 1, 0, 1, 0, 1, 1, 1, 1, 1, 1, 2, 2, 2, 3, 3]",122.0,"[1, 1, 0, 0, 1, 1, 1, 1, 1, 0, 1, 1, 1, 1, 1, 2, 1, 1, 1, 1, 1, 1, 2, 2, 1, 0, 1, 1, 2, 1, 1, 1, 1, 0, 0, 1, 1, 1, 1, 1, 0, 1, 0, 1, 0, 1, 1, 1, 1, 1, 1, 2, 2, 2, 3, 3]",122.0,"[1, 1, 0, 0, 1, 1, 1, 1, 1, 0, 1, 1, 1, 1, 1, 2, 1, 1, 1, 1, 1, 1, 2, 2, 1, 0, 1, 1, 2, 1, 1, 1, 1, 0, 0, 1, 1, 1, 1, 1, 0, 1, 0, 1, 0, 1, 1, 1, 1, 1, 1, 2, 2, 2, 3, 3]",124.0,"[1, 1, 0, 0, 1, 1, 1, 1, 1, 0, 1, 1, 1, 1, 1, 2, 1, 1, 1, 1, 1, 1, 2, 2, 1, 0, 1, 1, 2, 1, 1, 1, 1, 0, 0, 1, 1, 1, 1, 1, 0, 1, 0, 1, 0, 1, 1, 1, 1, 2, 2, 2]",143.0,"[1, 1, 0, 0, 1, 1, 1, 1, 1, 0, 1, 1, 1, 1, 1, 2, 1, 1, 1, 1, 1, 1, 2, 2, 1, 0, 1, 0, 0, 1, 1, 1, 1, 1, 2, 1, 1, 1, 1, 1, 0, 1, 1, 2, 1, 1, 1, 1]",122.0,"[1, 1, 0, 0, 1, 1, 1, 1, 1, 0, 1, 1, 1, 1, 1, 2, 1, 1, 1, 1, 1, 1, 2, 2, 1, 0, 1, 1, 2, 1, 1, 1, 1, 0, 0, 1, 1, 1, 1, 1, 0, 1, 0, 1, 0, 1, 1, 1, 1, 1, 1, 2, 2, 2, 3, 3]",122.0,"[1, 1, 0, 0, 1, 1, 1, 1, 1, 0, 1, 1, 1, 1, 1, 2, 1, 1, 1, 1, 1, 1, 2, 2, 1, 0, 1, 1, 2, 1, 1, 1, 1, 0, 0, 1, 1, 1, 1, 1, 0, 1, 0, 1, 0, 1, 1, 1, 1, 1, 1, 2, 2, 2, 3, 3]",122.0,"[1, 1, 0, 0, 1, 1, 1, 1, 1, 0, 1, 1, 1, 1, 1, 2, 1, 1, 1, 1, 1, 1, 2, 2, 1, 0, 1, 1, 2, 1, 1, 1, 1, 0, 0, 1, 1, 1, 1, 1, 0, 1, 0, 1, 0, 1, 1, 1, 1, 1, 1, 2, 2, 2, 3, 3]",122.0,"[1, 1, 0, 0, 1, 1, 1, 1, 1, 0, 1, 1, 1, 1, 1, 2, 1, 1, 1, 1, 1, 1, 2, 2, 1, 0, 1, 1, 2, 1, 1, 1, 1, 0, 0, 1, 1, 1, 1, 1, 0, 1, 0, 1, 0, 1, 1, 1, 1, 1, 1, 2, 2, 2, 3, 3]",122.0,"[1, 1, 0, 0, 1, 1, 1, 1, 1, 0, 1, 1, 1, 1, 1, 2, 1, 1, 1, 1, 1, 1, 2, 2, 1, 0, 1, 1, 2, 1, 1, 1, 1, 0, 0, 1, 1, 1, 1, 1, 0, 1, 0, 1, 0, 1, 1, 1, 1, 1, 1, 2, 2, 2, 3, 3]"

46x29,221.0,3728,"[1, 1, 1, 1, 1, 1, 1, 1, 1, 0, 1, 1, 0, 1, 1, 1, 1, 0, 1, 1, 1, 0, 0, 0, 0, 1, 0, 0, 0, 0, 3, 3, 0, 3, 0, 3, 0, 0, 3, 3, 3, 3, 3, 3, 3, 0, 3, 3, 3, 3, 3, 3, 3, 0, 0, 0, 0, 3]",153.0,"[0, 0, 1, 0, 0, 0, 0, 0, 0, 1, 1, 1, 1, 1, 1, 1, 2, 2, 1, 1, 1, 1, 2, 1, 1, 1, 1, 1, 2, 1, 2, 1, 1, 0, 0, 0, 3, 0, 0, 0, 3, 0, 0, 3, 0, 3, 3, 2, 3, 3, 3, 3, 0, 0, 3, 0, 3, 3, 0, 0, 3, 3, 3, 0, 0, 0, 3, 0, 0, 3, 3, 3, 3, 2]",153.0,"[0, 0, 1, 0, 0, 0, 0, 0, 0, 1, 1, 1, 1, 1, 1, 1, 2, 2, 1, 1, 1, 1, 2, 1, 1, 1, 1, 1, 2, 1, 2, 1, 1, 0, 0, 0, 3, 0, 0, 0, 3, 0, 0, 3, 0, 3, 3, 2, 3, 3, 3, 3, 0, 0, 3, 0, 3, 3, 0, 0, 3, 3, 3, 0, 0, 0, 3, 0, 0, 3, 3, 3, 3, 2]",153.0,"[0, 0, 1, 0, 0, 0, 0, 0, 0, 1, 1, 1, 1, 1, 1, 1, 2, 2, 1, 1, 1, 1, 2, 1, 1, 1, 1, 1, 2, 1, 2, 1, 1, 0, 0, 0, 3, 0, 0, 0, 3, 0, 0, 3, 0, 3, 3, 2, 3, 3, 3, 3, 0, 0, 3, 0, 3, 3, 0, 0, 3, 3, 3, 0, 0, 0, 3, 0, 0, 3, 3, 3, 3, 2]",156.0,"[0, 0, 1, 0, 0, 0, 0, 0, 0, 1, 1, 1, 1, 1, 1, 1, 2, 2, 1, 1, 1, 1, 2, 1, 1, 1, 1, 1, 2, 1, 2, 1, 1, 0, 0, 0, 3, 0, 0, 0, 3, 0, 0, 3, 0, 3, 3, 0, 0, 0, 3, 3, 3, 3, 3, 3, 3, 0, 3, 3, 3, 0, 0, 0, 3, 0, 0, 3, 3, 3, 3, 2]",184.0,"[0, 0, 1, 0, 0, 0, 0, 0, 0, 1, 1, 1, 1, 1, 1, 1, 2, 2, 1, 1, 1, 1, 2, 1, 1, 1, 1, 1, 2, 1, 2, 1, 1, 0, 0, 0, 3, 0, 0, 0, 3, 0, 0, 3, 0, 3, 3, 0, 0, 0, 3, 3, 3, 3, 0, 0, 3, 0, 0, 3, 0, 3, 3, 3, 3, 3, 3, 0, 3, 3, 3, 2]",153.0,"[1, 0, 0, 0, 0, 0, 0, 0, 0, 1, 1, 1, 1, 1, 1, 1, 2, 2, 1, 1, 1, 1, 2, 1, 1, 1, 1, 1, 2, 1, 2, 1, 1, 0, 0, 0, 3, 0, 0, 0, 3, 0, 0, 3, 0, 3, 3, 2, 3, 3, 3, 3, 0, 0, 3, 0, 3, 3, 0, 0, 3, 3, 3, 0, 0, 0, 3, 0, 0, 3, 3, 3, 3, 2]",153.0,"[1, 0, 0, 0, 0, 0, 0, 0, 0, 1, 1, 1, 1, 1, 1, 1, 2, 2, 1, 1, 1, 1, 2, 1, 1, 1, 1, 1, 2, 1, 2, 1, 1, 0, 0, 0, 3, 0, 0, 0, 3, 0, 0, 3, 0, 3, 3, 2, 3, 3, 3, 3, 0, 0, 3, 0, 3, 3, 0, 0, 3, 3, 3, 0, 0, 0, 3, 0, 0, 3, 3, 3, 3, 2]",153.0,"[1, 0, 0, 0, 0, 0, 0, 0, 0, 1, 1, 1, 1, 1, 1, 1, 2, 2, 1, 1, 1, 1, 2, 1, 1, 1, 1, 1, 2, 1, 2, 1, 1, 0, 0, 0, 3, 0, 0, 0, 3, 0, 0, 3, 0, 3, 3, 2, 3, 3, 3, 3, 0, 0, 3, 0, 3, 3, 0, 0, 3, 3, 3, 0, 0, 0, 3, 0, 0, 3, 3, 3, 3, 2]",153.0,"[1, 0, 0, 0, 0, 0, 0, 0, 0, 1, 1, 1, 1, 1, 1, 1, 2, 2, 1, 1, 1, 1, 2, 1, 1, 1, 1, 1, 2, 1, 2, 1, 1, 0, 0, 0, 3, 0, 0, 0, 3, 0, 0, 3, 0, 3, 3, 2, 3, 3, 3, 3, 0, 0, 3, 0, 3, 3, 0, 0, 3, 3, 3, 0, 0, 0, 3, 0, 0, 3, 3, 3, 3, 2]",153.0,"[1, 0, 0, 0, 0, 0, 0, 0, 0, 1, 1, 1, 1, 1, 1, 1, 2, 2, 1, 1, 1, 1, 2, 1, 1, 1, 1, 1, 2, 1, 2, 1, 1, 0, 0, 0, 3, 0, 0, 0, 3, 0, 0, 3, 0, 3, 3, 2, 3, 3, 3, 3, 0, 0, 3, 0, 3, 3, 0, 0, 3, 3, 3, 0, 0, 0, 3, 0, 0, 3, 3, 3, 3, 2]"

26x48,296.0,3317,"[0, 1, 0, 0, 1, 1, 1, 1, 1, 1, 0, 1, 1, 1, 1, 1, 0, 1, 1, 1, 1, 0, 1, 1, 0, 0, 0, 1, 1, 1, 1, 1, 1, 1, 2, 1, 1, 1, 1, 1, 1, 1, 1, 1, 1, 0, 1, 1, 1, 2, 0, 3, 3, 2, 3, 3, 3, 3, 3, 3, 2, 3, 3, 3, 3, 3, 3, 3]",180.0,"[1, 0, 0, 0, 0, 1, 0, 1, 1, 1, 1, 1, 1, 2, 1, 1, 1, 1, 1, 0, 1, 1, 1, 1, 1, 0, 0, 0, 0, 1, 1, 0, 1, 0, 1, 1, 2, 1, 1, 0, 1, 1, 1, 0, 1, 0, 1, 1, 1, 1, 1, 1, 1, 2, 2, 2, 1, 2, 1, 2, 0, 3, 0, 3, 0, 0, 0, 3, 3, 3, 3, 3, 3, 3, 2, 3, 2, 3, 3, 3, 2, 2, 3, 3, 2, 2]",180.0,"[1, 0, 0, 0, 0, 1, 0, 1, 1, 1, 1, 1, 1, 2, 1, 1, 1, 1, 1, 0, 1, 1, 1, 1, 1, 0, 0, 0, 0, 1, 1, 0, 1, 0, 1, 1, 2, 1, 1, 0, 1, 1, 1, 0, 1, 0, 1, 1, 1, 1, 1, 1, 1, 2, 2, 2, 1, 2, 1, 2, 0, 3, 0, 3, 0, 0, 0, 3, 3, 3, 3, 3, 3, 3, 2, 3, 2, 3, 3, 3, 2, 2, 3, 3, 2, 2]",180.0,"[1, 0, 0, 0, 0, 1, 0, 1, 1, 1, 1, 1, 1, 2, 1, 1, 1, 1, 1, 0, 1, 1, 1, 1, 1, 0, 0, 0, 0, 1, 1, 0, 1, 0, 1, 1, 2, 1, 1, 0, 1, 1, 1, 0, 1, 0, 1, 1, 1, 1, 1, 1, 1, 2, 2, 2, 1, 2, 1, 2, 0, 3, 0, 3, 0, 0, 0, 3, 3, 3, 3, 3, 3, 3, 2, 3, 2, 3, 3, 3, 2, 2, 3, 3, 2, 2]",180.0,"[1, 0, 0, 0, 0, 1, 0, 1, 1, 1, 1, 1, 1, 2, 1, 1, 1, 1, 1, 0, 1, 1, 1, 1, 1, 0, 0, 0, 0, 1, 1, 0, 1, 0, 1, 1, 2, 1, 1, 0, 1, 1, 1, 0, 1, 0, 1, 1, 1, 1, 1, 1, 1, 2, 2, 2, 1, 2, 1, 2, 0, 3, 0, 3, 0, 0, 0, 3, 3, 3, 3, 3, 3, 3, 2, 3, 2, 3, 3, 3, 2, 2, 3, 3, 2, 2]",213.0,"[1, 0, 0, 0, 0, 1, 0, 1, 1, 1, 1, 1, 1, 2, 1, 1, 1, 1, 1, 0, 1, 1, 1, 1, 1, 0, 0, 0, 0, 1, 1, 0, 1, 0, 1, 1, 2, 1, 1, 0, 1, 1, 1, 0, 1, 0, 1, 1, 1, 1, 1, 1, 1, 2, 2, 2, 1, 2, 1, 2, 0, 3, 3, 3, 2, 3, 3, 3, 3, 3, 2, 3, 3, 3, 3, 3, 3, 3]",180.0,"[1, 0, 0, 0, 0, 1, 0, 1, 1, 1, 1, 1, 2, 1, 1, 1, 1, 1, 1, 0, 1, 1, 1, 1, 1, 0, 0, 0, 0, 1, 1, 0, 1, 0, 1, 1, 2, 1, 1, 0, 1, 1, 1, 0, 1, 0, 1, 1, 1, 1, 1, 1, 1, 2, 2, 2, 1, 2, 1, 2, 0, 3, 0, 3, 0, 0, 0, 3, 3, 3, 3, 3, 3, 3, 2, 3, 2, 3, 3, 3, 2, 2, 3, 3, 2, 2]",180.0,"[1, 0, 0, 0, 0, 1, 0, 1, 1, 1, 1, 1, 2, 1, 1, 1, 1, 1, 1, 0, 1, 1, 1, 1, 1, 0, 0, 0, 0, 1, 1, 0, 1, 0, 1, 1, 2, 1, 1, 0, 1, 1, 1, 0, 1, 0, 1, 1, 1, 1, 1, 1, 1, 2, 2, 2, 1, 2, 1, 2, 0, 3, 0, 3, 0, 0, 0, 3, 3, 3, 3, 3, 3, 3, 2, 3, 2, 3, 3, 3, 2, 2, 3, 3, 2, 2]",180.0,"[1, 0, 0, 0, 0, 1, 0, 1, 1, 1, 1, 1, 2, 1, 1, 1, 1, 1, 1, 0, 1, 1, 1, 1, 1, 0, 0, 0, 0, 1, 1, 0, 1, 0, 1, 1, 2, 1, 1, 0, 1, 1, 1, 0, 1, 0, 1, 1, 1, 1, 1, 1, 1, 2, 2, 2, 1, 2, 1, 2, 0, 3, 0, 3, 0, 0, 0, 3, 3, 3, 3, 3, 3, 3, 2, 3, 2, 3, 3, 3, 2, 2, 3, 3, 2, 2]",180.0,"[1, 0, 0, 0, 0, 1, 0, 1, 1, 1, 1, 1, 2, 1, 1, 1, 1, 1, 1, 0, 1, 1, 1, 1, 1, 0, 0, 0, 0, 1, 1, 0, 1, 0, 1, 1, 2, 1, 1, 0, 1, 1, 1, 0, 1, 0, 1, 1, 1, 1, 1, 1, 1, 2, 2, 2, 1, 2, 1, 2, 0, 3, 0, 3, 0, 0, 0, 3, 3, 3, 3, 3, 3, 3, 2, 3, 2, 3, 3, 3, 2, 2, 3, 3, 2, 2]",180.0,"[1, 0, 0, 0, 0, 1, 0, 1, 1, 1, 1, 1, 2, 1, 1, 1, 1, 1, 1, 0, 1, 1, 1, 1, 1, 0, 0, 0, 0, 1, 1, 0, 1, 0, 1, 1, 2, 1, 1, 0, 1, 1, 1, 0, 1, 0, 1, 1, 1, 1, 1, 1, 1, 2, 2, 2, 1, 2, 1, 2, 0, 3, 0, 3, 0, 0, 0, 3, 3, 3, 3, 3, 3, 3, 2, 3, 2, 3, 3, 3, 2, 2, 3, 3, 2, 2]"

45x35,350.0,4347,"[1, 1, 1, 0, 1, 1, 1, 1, 1, 1, 1, 0, 0, 0, 1, 1, 1, 1, 1, 1, 2, 2, 1, 1, 1, 1, 1, 1, 2, 1, 1, 0, 1, 1, 1, 1, 1, 1, 1, 2, 0, 0, 0, 0, 3, 0, 0, 0, 0, 3, 0, 0, 0, 3, 3, 0, 0, 0, 0, 0, 0, 0, 0, 0, 3, 0, 3, 3, 0, 0, 0, 0, 0, 0, 0, 3, 3, 3, 3, 3, 3, 0, 3, 3, 3, 3, 3, 3, 3, 0]",220.0,"[0, 0, 1, 1, 1, 0, 0, 0, 1, 1, 0, 0, 1, 1, 1, 1, 1, 1, 1, 1, 1, 1, 1, 1, 1, 1, 2, 1, 1, 1, 1, 1, 1, 2, 2, 2, 2, 1, 1, 1, 1, 1, 2, 1, 3, 0, 3, 3, 3, 3, 3, 0, 0, 0, 0, 3, 0, 0, 0, 0, 0, 3, 0, 0, 0, 3, 3, 0, 0, 0, 3, 0, 3, 3, 3, 0, 3, 0, 3, 0, 0, 1, 0, 1, 0, 1, 0, 1, 0, 0, 0, 0, 3, 0, 3, 3, 2, 3, 3, 3, 3, 3, 0, 0]",220.0,"[0, 0, 1, 1, 1, 0, 0, 0, 1, 1, 0, 0, 1, 1, 1, 1, 1, 1, 1, 1, 1, 1, 1, 1, 1, 1, 2, 1, 1, 1, 1, 1, 1, 2, 2, 2, 2, 1, 1, 1, 1, 1, 2, 1, 3, 0, 3, 3, 3, 3, 3, 0, 0, 0, 0, 3, 0, 0, 0, 0, 0, 3, 0, 0, 0, 3, 3, 0, 0, 0, 3, 0, 3, 3, 3, 0, 3, 0, 3, 0, 0, 1, 0, 1, 0, 1, 0, 1, 0, 0, 0, 0, 3, 0, 3, 3, 2, 3, 3, 3, 3, 3, 0, 0]",220.0,"[0, 0, 1, 1, 1, 0, 0, 0, 1, 1, 0, 0, 1, 1, 1, 1, 1, 1, 1, 1, 1, 1, 1, 1, 1, 1, 2, 1, 1, 1, 1, 1, 1, 2, 2, 2, 2, 1, 1, 1, 1, 1, 2, 1, 3, 0, 3, 3, 3, 3, 3, 0, 0, 0, 0, 3, 0, 0, 0, 0, 0, 3, 0, 0, 0, 3, 3, 0, 0, 0, 3, 0, 3, 3, 3, 0, 3, 0, 3, 0, 0, 1, 0, 1, 0, 1, 0, 1, 0, 0, 0, 0, 3, 0, 3, 3, 2, 3, 3, 3, 3, 3, 0, 0]",221.0,"[0, 0, 1, 1, 1, 0, 0, 0, 1, 1, 0, 0, 1, 1, 1, 1, 1, 1, 1, 1, 1, 1, 1, 1, 1, 1, 2, 1, 1, 1, 1, 1, 1, 2, 2, 2, 2, 1, 1, 1, 1, 1, 2, 1, 3, 0, 3, 3, 3, 3, 3, 0, 0, 0, 0, 3, 0, 0, 0, 0, 0, 3, 0, 0, 0, 3, 3, 0, 0, 0, 3, 0, 3, 3, 3, 0, 3, 0, 3, 0, 0, 1, 0, 1, 0, 1, 0, 1, 0, 0, 0, 0, 3, 0, 3, 3, 2, 3, 3, 3, 0, 3, 3, 0]",245.0,"[1, 1, 1, 1, 0, 1, 1, 0, 0, 0, 0, 0, 0, 1, 1, 1, 1, 1, 1, 1, 1, 1, 1, 1, 1, 1, 2, 1, 1, 1, 1, 1, 1, 2, 2, 2, 2, 1, 1, 1, 1, 1, 2, 1, 3, 0, 3, 3, 3, 3, 3, 0, 0, 0, 0, 3, 0, 0, 0, 0, 0, 3, 0, 0, 0, 3, 3, 0, 0, 0, 3, 0, 3, 3, 3, 0, 0, 0, 1, 0, 0, 0, 0, 1, 0, 0, 0, 0, 3, 0, 3, 3, 3, 0, 3, 3, 0, 3, 3, 2]",220.0,"[0, 0, 1, 1, 1, 0, 0, 0, 1, 1, 0, 0, 1, 1, 1, 1, 1, 1, 1, 1, 1, 1, 1, 1, 2, 1, 1, 1, 1, 1, 1, 1, 1, 2, 2, 2, 2, 1, 1, 1, 1, 1, 2, 1, 3, 0, 3, 3, 3, 3, 3, 0, 0, 0, 0, 3, 0, 0, 3, 0, 0, 0, 0, 0, 0, 3, 3, 0, 0, 0, 3, 0, 3, 3, 3, 0, 3, 0, 3, 0, 0, 1, 0, 1, 0, 1, 1, 0, 0, 0, 0, 0, 3, 0, 3, 3, 2, 3, 3, 3, 3, 3, 0, 0]",220.0,"[0, 0, 1, 1, 1, 0, 0, 0, 1, 1, 0, 0, 1, 1, 1, 1, 1, 1, 1, 1, 1, 1, 1, 1, 2, 1, 1, 1, 1, 1, 1, 1, 1, 2, 2, 2, 2, 1, 1, 1, 1, 1, 2, 1, 3, 0, 3, 3, 3, 3, 3, 0, 0, 0, 0, 3, 0, 0, 3, 0, 0, 0, 0, 0, 0, 3, 3, 0, 0, 0, 3, 0, 3, 3, 3, 0, 3, 0, 3, 0, 0, 1, 0, 1, 0, 1, 1, 0, 0, 0, 0, 0, 3, 0, 3, 3, 2, 3, 3, 3, 3, 3, 0, 0]",220.0,"[0, 0, 1, 1, 1, 0, 0, 0, 1, 1, 0, 0, 1, 1, 1, 1, 1, 1, 1, 1, 1, 1, 1, 1, 2, 1, 1, 1, 1, 1, 1, 1, 1, 2, 2, 2, 2, 1, 1, 1, 1, 1, 2, 1, 3, 0, 3, 3, 3, 3, 3, 0, 0, 0, 0, 3, 0, 0, 3, 0, 0, 0, 0, 0, 0, 3, 3, 0, 0, 0, 3, 0, 3, 3, 3, 0, 3, 0, 3, 0, 0, 1, 0, 1, 0, 1, 1, 0, 0, 0, 0, 0, 3, 0, 3, 3, 2, 3, 3, 3, 3, 3, 0, 0]",220.0,"[0, 0, 1, 1, 1, 0, 0, 0, 1, 1, 0, 0, 1, 1, 1, 1, 1, 1, 1, 1, 1, 1, 1, 1, 2, 1, 1, 1, 1, 1, 1, 1, 1, 2, 2, 2, 2, 1, 1, 1, 1, 1, 2, 1, 3, 0, 3, 3, 3, 3, 3, 0, 0, 0, 0, 3, 0, 0, 3, 0, 0, 0, 0, 0, 0, 3, 3, 0, 0, 0, 3, 0, 3, 3, 3, 0, 3, 0, 3, 0, 0, 1, 0, 1, 0, 1, 1, 0, 0, 0, 0, 0, 3, 0, 3, 3, 2, 3, 3, 3, 3, 3, 0, 0]",220.0,"[0, 0, 1, 1, 1, 0, 0, 0, 1, 1, 0, 0, 1, 1, 1, 1, 1, 1, 1, 1, 1, 1, 1, 1, 2, 1, 1, 1, 1, 1, 1, 1, 1, 2, 2, 2, 2, 1, 1, 1, 1, 1, 2, 1, 3, 0, 3, 3, 3, 3, 3, 0, 0, 0, 0, 3, 0, 0, 3, 0, 0, 0, 0, 0, 0, 3, 3, 0, 0, 0, 3, 0, 3, 3, 3, 0, 3, 0, 3, 0, 0, 1, 0, 1, 0, 1, 1, 0, 0, 0, 0, 0, 3, 0, 3, 3, 2, 3, 3, 3, 3, 3, 0, 0]"

21x35,0,0,[],0,[],0,[],0,[],0,[],0,[],0,[],0,[],0,[],0,[],0,[]

19x41,3194.0,1870,"[1, 1, 1, 1, 1, 1, 1, 1, 1, 1, 1, 1, 1, 1, 1, 1, 1, 1, 1, 1, 1, 1, 1, 1, 1, 1, 1, 1, 1, 1, 1, 0, 0, 3, 3, 3, 3, 3, 3, 3, 3, 3, 3, 3, 3, 3, 3, 3, 3, 3, 3, 3, 3, 3, 0, 0, 1, 1, 1, 1, 1, 1, 1, 1, 1, 1, 1, 1, 1, 1, 1, 1, 1, 1, 1, 1, 1, 0, 0, 0, 0, 3, 3, 3, 3, 3, 3, 3, 3, 3, 3, 0, 0, 1, 1, 1, 1, 1, 1, 1, 1, 1, 1, 0, 0, 3, 3, 3, 3, 3, 3, 3, 3, 3, 3, 3, 3, 3, 3, 3, 0, 0, 1, 1, 1, 1, 1, 1, 1, 1, 1, 1, 1, 1, 1, 1, 1, 0, 1, 1, 2, 2, 2, 2, 1, 2, 2, 1, 2, 2, 1, 1, 1, 1, 1, 2, 2, 2, 2, 2, 2, 2, 1, 1, 1, 1, 1, 1, 1, 1, 1, 1, 1, 1, 1, 1, 1, 1, 1, 1, 1, 1, 1, 1, 1, 1, 1, 1, 1, 1, 1, 1, 1, 1, 0, 0, 3, 3, 3, 3, 3, 3, 3, 3, 3, 3, 3, 3, 3, 3, 3, 3, 3, 3, 3, 3, 3, 0, 0, 1, 1, 1, 1, 1, 1, 1, 1, 1, 1, 1, 1, 1, 1, 1, 1, 1, 1, 1, 1, 1, 0, 0, 0, 0, 3, 3, 3, 3, 3, 3, 3, 3, 3, 3, 0, 0, 1, 1, 1, 1, 1, 1, 1, 1, 1, 1, 0, 0, 3, 3, 3, 3, 3, 3, 3, 3, 3, 3, 3, 3, 3, 3, 3, 0, 0, 1, 1, 1, 1, 1, 1, 1, 1, 1, 1, 1, 1, 1, 1, 1, 1, 1, 2, 2, 2, 1, 2, 2, 1, 2, 2, 1, 1, 0, 1, 1, 0, 0, 0, 0, 0, 0, 3, 1, 1, 2, 2, 2, 2, 2, 2, 2, 2, 2, 2, 2, 2, 2, 2]",3131.0,"[1, 1, 1, 1, 1, 1, 1, 1, 1, 1, 1, 1, 1, 1, 1, 1, 1, 1, 1, 1, 1, 1, 1, 1, 1, 1, 1, 1, 1, 1, 1, 0, 0, 3, 3, 3, 3, 3, 3, 3, 3, 3, 3, 3, 3, 3, 3, 3, 3, 3, 3, 3, 3, 3, 0, 0, 1, 1, 1, 1, 1, 1, 1, 1, 1, 1, 1, 1, 1, 1, 1, 1, 1, 1, 1, 1, 1, 0, 0, 0, 0, 3, 3, 3, 3, 3, 3, 3, 3, 3, 3, 0, 0, 1, 1, 1, 1, 1, 1, 1, 1, 1, 1, 0, 0, 3, 3, 3, 3, 3, 3, 3, 3, 3, 3, 3, 3, 3, 3, 3, 0, 0, 1, 1, 1, 1, 1, 1, 1, 1, 1, 1, 1, 1, 1, 1, 1, 0, 1, 1, 2, 2, 2, 2, 2, 2, 2, 1, 1, 2, 1, 1, 1, 1, 2, 2, 2, 2, 1, 2, 2, 2, 1, 1, 1, 1, 1, 1, 1, 1, 1, 1, 1, 1, 1, 1, 1, 1, 1, 1, 1, 1, 1, 1, 1, 1, 1, 1, 1, 1, 1, 1, 1, 1, 0, 0, 3, 3, 3, 3, 3, 3, 3, 3, 3, 3, 3, 3, 3, 3, 3, 3, 3, 3, 3, 3, 3, 0, 0, 1, 1, 1, 1, 1, 1, 1, 1, 1, 1, 1, 1, 1, 1, 1, 1, 1, 1, 1, 1, 1, 0, 0, 0, 0, 3, 3, 3, 3, 3, 3, 3, 3, 3, 3, 0, 0, 1, 1, 1, 1, 1, 1, 1, 1, 1, 1, 0, 0, 3, 3, 3, 3, 3, 3, 3, 3, 3, 3, 3, 3, 3, 3, 3, 0, 0, 1, 1, 1, 1, 1, 1, 1, 1, 1, 1, 1, 1, 1, 1, 1, 1, 1, 2, 2, 2, 2, 2, 2, 2, 1, 1, 1, 1, 1, 1, 0, 0, 0, 0, 0, 0, 0, 3, 1, 2, 2, 2, 2, 2, 2, 2, 2, 2, 2, 2, 1, 2, 2, 2]",3131.0,"[1, 1, 1, 1, 1, 1, 1, 1, 1, 1, 1, 1, 1, 1, 1, 1, 1, 1, 1, 1, 1, 1, 1, 1, 1, 1, 1, 1, 1, 1, 1, 0, 0, 3, 3, 3, 3, 3, 3, 3, 3, 3, 3, 3, 3, 3, 3, 3, 3, 3, 3, 3, 3, 3, 0, 0, 1, 1, 1, 1, 1, 1, 1, 1, 1, 1, 1, 1, 1, 1, 1, 1, 1, 1, 1, 1, 1, 0, 0, 0, 0, 3, 3, 3, 3, 3, 3, 3, 3, 3, 3, 0, 0, 1, 1, 1, 1, 1, 1, 1, 1, 1, 1, 0, 0, 3, 3, 3, 3, 3, 3, 3, 3, 3, 3, 3, 3, 3, 3, 3, 0, 0, 1, 1, 1, 1, 1, 1, 1, 1, 1, 1, 1, 1, 1, 1, 1, 0, 1, 1, 2, 2, 2, 2, 2, 2, 2, 1, 1, 2, 1, 1, 1, 1, 2, 2, 2, 2, 1, 2, 2, 2, 1, 1, 1, 1, 1, 1, 1, 1, 1, 1, 1, 1, 1, 1, 1, 1, 1, 1, 1, 1, 1, 1, 1, 1, 1, 1, 1, 1, 1, 1, 1, 1, 0, 0, 3, 3, 3, 3, 3, 3, 3, 3, 3, 3, 3, 3, 3, 3, 3, 3, 3, 3, 3, 3, 3, 0, 0, 1, 1, 1, 1, 1, 1, 1, 1, 1, 1, 1, 1, 1, 1, 1, 1, 1, 1, 1, 1, 1, 0, 0, 0, 0, 3, 3, 3, 3, 3, 3, 3, 3, 3, 3, 0, 0, 1, 1, 1, 1, 1, 1, 1, 1, 1, 1, 0, 0, 3, 3, 3, 3, 3, 3, 3, 3, 3, 3, 3, 3, 3, 3, 3, 0, 0, 1, 1, 1, 1, 1, 1, 1, 1, 1, 1, 1, 1, 1, 1, 1, 1, 1, 2, 2, 2, 2, 2, 2, 2, 1, 1, 1, 1, 1, 1, 0, 0, 0, 0, 0, 0, 0, 3, 1, 2, 2, 2, 2, 2, 2, 2, 2, 2, 2, 2, 1, 2, 2, 2]",3131.0,"[1, 1, 1, 1, 1, 1, 1, 1, 1, 1, 1, 1, 1, 1, 1, 1, 1, 1, 1, 1, 1, 1, 1, 1, 1, 1, 1, 1, 1, 1, 1, 0, 0, 3, 3, 3, 3, 3, 3, 3, 3, 3, 3, 3, 3, 3, 3, 3, 3, 3, 3, 3, 3, 3, 0, 0, 1, 1, 1, 1, 1, 1, 1, 1, 1, 1, 1, 1, 1, 1, 1, 1, 1, 1, 1, 1, 1, 0, 0, 0, 0, 3, 3, 3, 3, 3, 3, 3, 3, 3, 3, 0, 0, 1, 1, 1, 1, 1, 1, 1, 1, 1, 1, 0, 0, 3, 3, 3, 3, 3, 3, 3, 3, 3, 3, 3, 3, 3, 3, 3, 0, 0, 1, 1, 1, 1, 1, 1, 1, 1, 1, 1, 1, 1, 1, 1, 1, 0, 1, 1, 2, 2, 2, 2, 2, 2, 2, 1, 1, 2, 1, 1, 1, 1, 2, 2, 2, 2, 1, 2, 2, 2, 1, 1, 1, 1, 1, 1, 1, 1, 1, 1, 1, 1, 1, 1, 1, 1, 1, 1, 1, 1, 1, 1, 1, 1, 1, 1, 1, 1, 1, 1, 1, 1, 0, 0, 3, 3, 3, 3, 3, 3, 3, 3, 3, 3, 3, 3, 3, 3, 3, 3, 3, 3, 3, 3, 3, 0, 0, 1, 1, 1, 1, 1, 1, 1, 1, 1, 1, 1, 1, 1, 1, 1, 1, 1, 1, 1, 1, 1, 0, 0, 0, 0, 3, 3, 3, 3, 3, 3, 3, 3, 3, 3, 0, 0, 1, 1, 1, 1, 1, 1, 1, 1, 1, 1, 0, 0, 3, 3, 3, 3, 3, 3, 3, 3, 3, 3, 3, 3, 3, 3, 3, 0, 0, 1, 1, 1, 1, 1, 1, 1, 1, 1, 1, 1, 1, 1, 1, 1, 1, 1, 2, 2, 2, 2, 2, 2, 2, 1, 1, 1, 1, 1, 1, 0, 0, 0, 0, 0, 0, 0, 3, 1, 2, 2, 2, 2, 2, 2, 2, 2, 2, 2, 2, 1, 2, 2, 2]",3131.0,"[1, 1, 1, 1, 1, 1, 1, 1, 1, 1, 1, 1, 1, 1, 1, 1, 1, 1, 1, 1, 1, 1, 1, 1, 1, 1, 1, 1, 1, 1, 1, 0, 0, 3, 3, 3, 3, 3, 3, 3, 3, 3, 3, 3, 3, 3, 3, 3, 3, 3, 3, 3, 3, 3, 0, 0, 1, 1, 1, 1, 1, 1, 1, 1, 1, 1, 1, 1, 1, 1, 1, 1, 1, 1, 1, 1, 1, 0, 0, 0, 0, 3, 3, 3, 3, 3, 3, 3, 3, 3, 3, 0, 0, 1, 1, 1, 1, 1, 1, 1, 1, 1, 1, 0, 0, 3, 3, 3, 3, 3, 3, 3, 3, 3, 3, 3, 3, 3, 3, 3, 0, 0, 1, 1, 1, 1, 1, 1, 1, 1, 1, 1, 1, 1, 1, 1, 1, 0, 1, 1, 2, 2, 2, 2, 2, 2, 2, 1, 1, 2, 1, 1, 1, 1, 2, 2, 2, 2, 1, 2, 2, 2, 1, 1, 1, 1, 1, 1, 1, 1, 1, 1, 1, 1, 1, 1, 1, 1, 1, 1, 1, 1, 1, 1, 1, 1, 1, 1, 1, 1, 1, 1, 1, 1, 0, 0, 3, 3, 3, 3, 3, 3, 3, 3, 3, 3, 3, 3, 3, 3, 3, 3, 3, 3, 3, 3, 3, 0, 0, 1, 1, 1, 1, 1, 1, 1, 1, 1, 1, 1, 1, 1, 1, 1, 1, 1, 1, 1, 1, 1, 0, 0, 0, 0, 3, 3, 3, 3, 3, 3, 3, 3, 3, 3, 0, 0, 1, 1, 1, 1, 1, 1, 1, 1, 1, 1, 0, 0, 3, 3, 3, 3, 3, 3, 3, 3, 3, 3, 3, 3, 3, 3, 3, 0, 0, 1, 1, 1, 1, 1, 1, 1, 1, 1, 1, 1, 1, 1, 1, 1, 1, 1, 2, 2, 2, 2, 2, 2, 2, 1, 1, 1, 1, 1, 1, 0, 0, 0, 0, 0, 0, 0, 3, 1, 2, 2, 2, 2, 2, 2, 2, 2, 2, 2, 2, 1, 2, 2, 2]",3161.0,"[1, 1, 1, 1, 1, 1, 1, 1, 1, 1, 1, 1, 1, 1, 1, 1, 1, 1, 1, 1, 1, 1, 1, 1, 1, 1, 1, 1, 1, 1, 1, 0, 0, 3, 3, 3, 3, 3, 3, 3, 3, 3, 3, 3, 3, 3, 3, 3, 3, 3, 3, 3, 3, 3, 0, 0, 1, 1, 1, 1, 1, 1, 1, 1, 1, 1, 1, 1, 1, 1, 1, 1, 1, 1, 1, 1, 1, 0, 0, 0, 0, 3, 3, 3, 3, 3, 3, 3, 3, 3, 3, 0, 0, 1, 1, 1, 1, 1, 1, 1, 1, 1, 1, 0, 0, 3, 3, 3, 3, 3, 3, 3, 3, 3, 3, 3, 3, 3, 3, 3, 0, 0, 1, 1, 1, 1, 1, 1, 1, 1, 1, 1, 1, 1, 1, 1, 1, 0, 1, 1, 2, 2, 2, 2, 2, 2, 2, 1, 1, 2, 1, 1, 1, 1, 2, 2, 2, 2, 1, 2, 2, 2, 1, 1, 1, 1, 1, 1, 1, 1, 1, 1, 1, 1, 1, 1, 1, 1, 1, 1, 1, 1, 1, 1, 1, 1, 1, 1, 1, 1, 1, 1, 1, 1, 0, 0, 3, 3, 3, 3, 3, 3, 3, 3, 3, 3, 3, 3, 3, 3, 3, 3, 3, 3, 3, 3, 3, 0, 0, 1, 1, 1, 1, 1, 1, 1, 1, 1, 1, 1, 1, 1, 1, 1, 1, 1, 1, 1, 1, 1, 0, 0, 0, 0, 3, 3, 3, 3, 3, 3, 3, 3, 3, 3, 0, 0, 1, 1, 1, 1, 1, 1, 1, 1, 1, 1, 0, 0, 3, 3, 3, 3, 3, 3, 3, 3, 3, 3, 3, 3, 3, 3, 3, 0, 0, 1, 1, 1, 1, 1, 1, 1, 1, 1, 1, 1, 1, 1, 1, 1, 1, 1, 2, 2, 2, 2, 2, 2, 2, 1, 1, 1, 1, 1, 1, 0, 0, 0, 0, 0, 0, 0, 3, 1, 1, 2, 2, 2, 2, 2, 2, 2, 2, 2, 2, 2, 2, 2, 2]",3131.0,"[1, 1, 1, 1, 1, 1, 1, 1, 1, 1, 1, 1, 1, 1, 1, 1, 1, 1, 1, 1, 1, 1, 1, 1, 1, 1, 1, 1, 1, 1, 1, 0, 0, 3, 3, 3, 3, 3, 3, 3, 3, 3, 3, 3, 3, 3, 3, 3, 3, 3, 3, 3, 3, 3, 0, 0, 1, 1, 1, 1, 1, 1, 1, 1, 1, 1, 1, 1, 1, 1, 1, 1, 1, 1, 1, 1, 1, 0, 0, 0, 0, 3, 3, 3, 3, 3, 3, 3, 3, 3, 3, 0, 0, 1, 1, 1, 1, 1, 1, 1, 1, 1, 1, 0, 0, 3, 3, 3, 3, 3, 3, 3, 3, 3, 3, 3, 3, 3, 3, 3, 0, 0, 1, 1, 1, 1, 1, 1, 1, 1, 1, 1, 1, 1, 1, 1, 1, 0, 1, 1, 2, 2, 2, 2, 2, 2, 2, 2, 1, 1, 1, 1, 1, 1, 2, 2, 2, 2, 1, 2, 2, 2, 1, 1, 1, 1, 1, 1, 1, 1, 1, 1, 1, 1, 1, 1, 1, 1, 1, 1, 1, 1, 1, 1, 1, 1, 1, 1, 1, 1, 1, 1, 1, 1, 0, 0, 3, 3, 3, 3, 3, 3, 3, 3, 3, 3, 3, 3, 3, 3, 3, 3, 3, 3, 3, 3, 3, 0, 0, 1, 1, 1, 1, 1, 1, 1, 1, 1, 1, 1, 1, 1, 1, 1, 1, 1, 1, 1, 1, 1, 0, 0, 0, 0, 3, 3, 3, 3, 3, 3, 3, 3, 3, 3, 0, 0, 1, 1, 1, 1, 1, 1, 1, 1, 1, 1, 0, 0, 3, 3, 3, 3, 3, 3, 3, 3, 3, 3, 3, 3, 3, 3, 3, 0, 0, 1, 1, 1, 1, 1, 1, 1, 1, 1, 1, 1, 1, 1, 1, 1, 1, 1, 2, 2, 2, 2, 2, 2, 2, 1, 1, 1, 1, 1, 1, 0, 0, 0, 0, 0, 0, 0, 3, 1, 2, 2, 2, 2, 2, 2, 2, 2, 2, 2, 2, 1, 2, 2, 2]",3131.0,"[1, 1, 1, 1, 1, 1, 1, 1, 1, 1, 1, 1, 1, 1, 1, 1, 1, 1, 1, 1, 1, 1, 1, 1, 1, 1, 1, 1, 1, 1, 1, 0, 0, 3, 3, 3, 3, 3, 3, 3, 3, 3, 3, 3, 3, 3, 3, 3, 3, 3, 3, 3, 3, 3, 0, 0, 1, 1, 1, 1, 1, 1, 1, 1, 1, 1, 1, 1, 1, 1, 1, 1, 1, 1, 1, 1, 1, 0, 0, 0, 0, 3, 3, 3, 3, 3, 3, 3, 3, 3, 3, 0, 0, 1, 1, 1, 1, 1, 1, 1, 1, 1, 1, 0, 0, 3, 3, 3, 3, 3, 3, 3, 3, 3, 3, 3, 3, 3, 3, 3, 0, 0, 1, 1, 1, 1, 1, 1, 1, 1, 1, 1, 1, 1, 1, 1, 1, 0, 1, 1, 2, 2, 2, 2, 2, 2, 2, 2, 1, 1, 1, 1, 1, 1, 2, 2, 2, 2, 1, 2, 2, 2, 1, 1, 1, 1, 1, 1, 1, 1, 1, 1, 1, 1, 1, 1, 1, 1, 1, 1, 1, 1, 1, 1, 1, 1, 1, 1, 1, 1, 1, 1, 1, 1, 0, 0, 3, 3, 3, 3, 3, 3, 3, 3, 3, 3, 3, 3, 3, 3, 3, 3, 3, 3, 3, 3, 3, 0, 0, 1, 1, 1, 1, 1, 1, 1, 1, 1, 1, 1, 1, 1, 1, 1, 1, 1, 1, 1, 1, 1, 0, 0, 0, 0, 3, 3, 3, 3, 3, 3, 3, 3, 3, 3, 0, 0, 1, 1, 1, 1, 1, 1, 1, 1, 1, 1, 0, 0, 3, 3, 3, 3, 3, 3, 3, 3, 3, 3, 3, 3, 3, 3, 3, 0, 0, 1, 1, 1, 1, 1, 1, 1, 1, 1, 1, 1, 1, 1, 1, 1, 1, 1, 2, 2, 2, 2, 2, 2, 2, 1, 1, 1, 1, 1, 1, 0, 0, 0, 0, 0, 0, 0, 3, 1, 2, 2, 2, 2, 2, 2, 2, 2, 2, 2, 2, 1, 2, 2, 2]",3131.0,"[1, 1, 1, 1, 1, 1, 1, 1, 1, 1, 1, 1, 1, 1, 1, 1, 1, 1, 1, 1, 1, 1, 1, 1, 1, 1, 1, 1, 1, 1, 1, 0, 0, 3, 3, 3, 3, 3, 3, 3, 3, 3, 3, 3, 3, 3, 3, 3, 3, 3, 3, 3, 3, 3, 0, 0, 1, 1, 1, 1, 1, 1, 1, 1, 1, 1, 1, 1, 1, 1, 1, 1, 1, 1, 1, 1, 1, 0, 0, 0, 0, 3, 3, 3, 3, 3, 3, 3, 3, 3, 3, 0, 0, 1, 1, 1, 1, 1, 1, 1, 1, 1, 1, 0, 0, 3, 3, 3, 3, 3, 3, 3, 3, 3, 3, 3, 3, 3, 3, 3, 0, 0, 1, 1, 1, 1, 1, 1, 1, 1, 1, 1, 1, 1, 1, 1, 1, 0, 1, 1, 2, 2, 2, 2, 2, 2, 2, 2, 1, 1, 1, 1, 1, 1, 2, 2, 2, 2, 1, 2, 2, 2, 1, 1, 1, 1, 1, 1, 1, 1, 1, 1, 1, 1, 1, 1, 1, 1, 1, 1, 1, 1, 1, 1, 1, 1, 1, 1, 1, 1, 1, 1, 1, 1, 0, 0, 3, 3, 3, 3, 3, 3, 3, 3, 3, 3, 3, 3, 3, 3, 3, 3, 3, 3, 3, 3, 3, 0, 0, 1, 1, 1, 1, 1, 1, 1, 1, 1, 1, 1, 1, 1, 1, 1, 1, 1, 1, 1, 1, 1, 0, 0, 0, 0, 3, 3, 3, 3, 3, 3, 3, 3, 3, 3, 0, 0, 1, 1, 1, 1, 1, 1, 1, 1, 1, 1, 0, 0, 3, 3, 3, 3, 3, 3, 3, 3, 3, 3, 3, 3, 3, 3, 3, 0, 0, 1, 1, 1, 1, 1, 1, 1, 1, 1, 1, 1, 1, 1, 1, 1, 1, 1, 2, 2, 2, 2, 2, 2, 2, 1, 1, 1, 1, 1, 1, 0, 0, 0, 0, 0, 0, 0, 3, 1, 2, 2, 2, 2, 2, 2, 2, 2, 2, 2, 2, 1, 2, 2, 2]",3131.0,"[1, 1, 1, 1, 1, 1, 1, 1, 1, 1, 1, 1, 1, 1, 1, 1, 1, 1, 1, 1, 1, 1, 1, 1, 1, 1, 1, 1, 1, 1, 1, 0, 0, 3, 3, 3, 3, 3, 3, 3, 3, 3, 3, 3, 3, 3, 3, 3, 3, 3, 3, 3, 3, 3, 0, 0, 1, 1, 1, 1, 1, 1, 1, 1, 1, 1, 1, 1, 1, 1, 1, 1, 1, 1, 1, 1, 1, 0, 0, 0, 0, 3, 3, 3, 3, 3, 3, 3, 3, 3, 3, 0, 0, 1, 1, 1, 1, 1, 1, 1, 1, 1, 1, 0, 0, 3, 3, 3, 3, 3, 3, 3, 3, 3, 3, 3, 3, 3, 3, 3, 0, 0, 1, 1, 1, 1, 1, 1, 1, 1, 1, 1, 1, 1, 1, 1, 1, 0, 1, 1, 2, 2, 2, 2, 2, 2, 2, 2, 1, 1, 1, 1, 1, 1, 2, 2, 2, 2, 1, 2, 2, 2, 1, 1, 1, 1, 1, 1, 1, 1, 1, 1, 1, 1, 1, 1, 1, 1, 1, 1, 1, 1, 1, 1, 1, 1, 1, 1, 1, 1, 1, 1, 1, 1, 0, 0, 3, 3, 3, 3, 3, 3, 3, 3, 3, 3, 3, 3, 3, 3, 3, 3, 3, 3, 3, 3, 3, 0, 0, 1, 1, 1, 1, 1, 1, 1, 1, 1, 1, 1, 1, 1, 1, 1, 1, 1, 1, 1, 1, 1, 0, 0, 0, 0, 3, 3, 3, 3, 3, 3, 3, 3, 3, 3, 0, 0, 1, 1, 1, 1, 1, 1, 1, 1, 1, 1, 0, 0, 3, 3, 3, 3, 3, 3, 3, 3, 3, 3, 3, 3, 3, 3, 3, 0, 0, 1, 1, 1, 1, 1, 1, 1, 1, 1, 1, 1, 1, 1, 1, 1, 1, 1, 2, 2, 2, 2, 2, 2, 2, 1, 1, 1, 1, 1, 1, 0, 0, 0, 0, 0, 0, 0, 3, 1, 2, 2, 2, 2, 2, 2, 2, 2, 2, 2, 2, 1, 2, 2, 2]",3131.0,"[1, 1, 1, 1, 1, 1, 1, 1, 1, 1, 1, 1, 1, 1, 1, 1, 1, 1, 1, 1, 1, 1, 1, 1, 1, 1, 1, 1, 1, 1, 1, 0, 0, 3, 3, 3, 3, 3, 3, 3, 3, 3, 3, 3, 3, 3, 3, 3, 3, 3, 3, 3, 3, 3, 0, 0, 1, 1, 1, 1, 1, 1, 1, 1, 1, 1, 1, 1, 1, 1, 1, 1, 1, 1, 1, 1, 1, 0, 0, 0, 0, 3, 3, 3, 3, 3, 3, 3, 3, 3, 3, 0, 0, 1, 1, 1, 1, 1, 1, 1, 1, 1, 1, 0, 0, 3, 3, 3, 3, 3, 3, 3, 3, 3, 3, 3, 3, 3, 3, 3, 0, 0, 1, 1, 1, 1, 1, 1, 1, 1, 1, 1, 1, 1, 1, 1, 1, 0, 1, 1, 2, 2, 2, 2, 2, 2, 2, 2, 1, 1, 1, 1, 1, 1, 2, 2, 2, 2, 1, 2, 2, 2, 1, 1, 1, 1, 1, 1, 1, 1, 1, 1, 1, 1, 1, 1, 1, 1, 1, 1, 1, 1, 1, 1, 1, 1, 1, 1, 1, 1, 1, 1, 1, 1, 0, 0, 3, 3, 3, 3, 3, 3, 3, 3, 3, 3, 3, 3, 3, 3, 3, 3, 3, 3, 3, 3, 3, 0, 0, 1, 1, 1, 1, 1, 1, 1, 1, 1, 1, 1, 1, 1, 1, 1, 1, 1, 1, 1, 1, 1, 0, 0, 0, 0, 3, 3, 3, 3, 3, 3, 3, 3, 3, 3, 0, 0, 1, 1, 1, 1, 1, 1, 1, 1, 1, 1, 0, 0, 3, 3, 3, 3, 3, 3, 3, 3, 3, 3, 3, 3, 3, 3, 3, 0, 0, 1, 1, 1, 1, 1, 1, 1, 1, 1, 1, 1, 1, 1, 1, 1, 1, 1, 2, 2, 2, 2, 2, 2, 2, 1, 1, 1, 1, 1, 1, 0, 0, 0, 0, 0, 0, 0, 3, 1, 2, 2, 2, 2, 2, 2, 2, 2, 2, 2, 2, 1, 2, 2, 2]"

138x192,782.0,40391,"[0, 1, 0, 0, 0, 0, 0, 0, 1, 1, 0, 1, 1, 1, 0, 0, 1, 1, 1, 1, 1, 1, 1, 1, 0, 0, 1, 1, 1, 1, 1, 1, 1, 1, 1, 1, 0, 0, 0, 1, 1, 1, 1, 1, 0, 1, 1, 1, 0, 0, 0, 0, 0, 1, 1, 1, 1, 1, 1, 1, 1, 1, 1, 1, 1, 0, 1, 1, 1, 0, 1, 1, 0, 1, 0, 1, 0, 0, 0, 0, 0, 1, 0, 0, 0, 1, 1, 1, 1, 1, 1, 1, 1, 1, 0, 0, 0, 1, 1, 0, 1, 1, 1, 1, 0, 1, 1, 0, 0, 1, 1, 1, 1, 0, 1, 1, 0, 0, 1, 0, 1, 0, 0, 0, 3, 0, 0, 0, 0, 0, 0, 0, 1, 1, 0, 0, 0, 0, 0, 0, 0, 3, 3, 0, 0, 0, 0, 0, 0, 0, 0, 0, 0, 0, 3, 3, 0, 0, 0, 0, 0, 0, 0, 0, 3, 0, 3, 0, 0, 0, 0, 3, 0, 3, 0, 0, 3, 0, 0, 3, 0, 0, 0, 3, 0, 3, 0, 0, 3, 0, 3, 3, 3, 3, 0, 3, 3, 3, 3, 3, 3, 3, 0, 3, 3, 3, 0, 3, 3, 0, 0, 0, 3, 3, 3]",505.0,"[0, 1, 0, 1, 0, 1, 1, 0, 1, 1, 1, 0, 0, 0, 1, 0, 1, 0, 0, 0, 0, 0, 0, 1, 1, 1, 0, 0, 1, 0, 1, 0, 1, 1, 1, 1, 1, 0, 0, 1, 1, 0, 1, 1, 1, 1, 1, 0, 0, 1, 1, 1, 1, 1, 1, 1, 1, 1, 1, 0, 0, 0, 1, 1, 0, 0, 1, 0, 1, 0, 1, 0, 0, 0, 0, 0, 1, 1, 0, 1, 1, 1, 1, 1, 0, 1, 1, 2, 1, 1, 1, 0, 1, 0, 1, 1, 1, 0, 1, 1, 1, 1, 1, 1, 1, 0, 1, 1, 0, 0, 0, 1, 1, 1, 1, 0, 1, 1, 1, 2, 1, 2, 1, 2, 0, 3, 0, 3, 0, 3, 3, 3, 2, 3, 3, 3, 3, 0, 0, 0, 0, 3, 0, 0, 0, 0, 3, 0, 3, 0, 3, 0, 0, 1, 0, 0, 0, 0, 0, 3, 3, 3, 0, 0, 0, 0, 0, 0, 0, 0, 3, 3, 3, 0, 0, 0, 3, 0, 0, 0, 3, 0, 0, 0, 0, 1, 0, 0, 1, 0, 0, 0, 0, 0, 0, 1, 0, 1, 1, 0, 1, 1, 1, 1, 0, 0, 0, 0, 1, 0, 0, 1, 3, 0, 3, 3, 3, 0, 0, 3, 3, 0, 3, 3, 3, 3, 3, 3, 3, 0, 3, 3, 3, 3, 0, 0, 0, 0, 3, 3, 3]",505.0,"[0, 1, 0, 1, 0, 1, 1, 0, 1, 1, 1, 0, 0, 0, 1, 0, 1, 0, 0, 0, 0, 0, 0, 1, 1, 1, 0, 0, 1, 0, 1, 0, 1, 1, 1, 1, 1, 0, 0, 1, 1, 0, 1, 1, 1, 1, 1, 0, 0, 1, 1, 1, 1, 1, 1, 1, 1, 1, 1, 0, 0, 0, 1, 1, 0, 0, 1, 0, 1, 0, 1, 0, 0, 0, 0, 0, 1, 1, 0, 1, 1, 1, 1, 1, 0, 1, 1, 2, 1, 1, 1, 0, 1, 0, 1, 1, 1, 0, 1, 1, 1, 1, 1, 1, 1, 0, 1, 1, 0, 0, 0, 1, 1, 1, 1, 0, 1, 1, 1, 2, 1, 2, 1, 2, 0, 3, 0, 3, 0, 3, 3, 3, 2, 3, 3, 3, 3, 0, 0, 0, 0, 3, 0, 0, 0, 0, 3, 0, 3, 0, 3, 0, 0, 1, 0, 0, 0, 0, 0, 3, 3, 3, 0, 0, 0, 0, 0, 0, 0, 0, 3, 3, 3, 0, 0, 0, 3, 0, 0, 0, 3, 0, 0, 0, 0, 1, 0, 0, 1, 0, 0, 0, 0, 0, 0, 1, 0, 1, 1, 0, 1, 1, 1, 1, 0, 0, 0, 0, 1, 0, 0, 1, 3, 0, 3, 3, 3, 0, 0, 3, 3, 0, 3, 3, 3, 3, 3, 3, 3, 0, 3, 3, 3, 3, 0, 0, 0, 0, 3, 3, 3]",505.0,"[0, 1, 0, 1, 0, 1, 1, 0, 1, 1, 1, 0, 0, 0, 1, 0, 1, 0, 0, 0, 0, 0, 0, 1, 1, 1, 0, 0, 1, 0, 1, 0, 1, 1, 1, 1, 1, 0, 0, 1, 1, 0, 1, 1, 1, 1, 1, 0, 0, 1, 1, 1, 1, 1, 1, 1, 1, 1, 1, 0, 0, 0, 1, 1, 0, 0, 1, 0, 1, 0, 1, 0, 0, 0, 0, 0, 1, 1, 0, 1, 1, 1, 1, 1, 0, 1, 1, 2, 1, 1, 1, 0, 1, 0, 1, 1, 1, 0, 1, 1, 1, 1, 1, 1, 1, 0, 1, 1, 0, 0, 0, 1, 1, 1, 1, 0, 1, 1, 1, 2, 1, 2, 1, 2, 0, 3, 0, 3, 0, 3, 3, 3, 2, 3, 3, 3, 3, 0, 0, 0, 0, 3, 0, 0, 0, 0, 3, 0, 3, 0, 3, 0, 0, 1, 0, 0, 0, 0, 0, 3, 3, 3, 0, 0, 0, 0, 0, 0, 0, 0, 3, 3, 3, 0, 0, 0, 3, 0, 0, 0, 3, 0, 0, 0, 0, 1, 0, 0, 1, 0, 0, 0, 0, 0, 0, 1, 0, 1, 1, 0, 1, 1, 1, 1, 0, 0, 0, 0, 1, 0, 0, 1, 3, 0, 3, 3, 3, 0, 0, 3, 3, 0, 3, 3, 3, 3, 3, 3, 3, 0, 3, 3, 3, 3, 0, 0, 0, 0, 3, 3, 3]",505.0,"[0, 1, 0, 1, 0, 1, 1, 0, 1, 1, 1, 0, 0, 0, 1, 0, 1, 0, 0, 0, 0, 0, 0, 1, 1, 1, 0, 0, 1, 0, 1, 0, 1, 1, 1, 1, 1, 0, 0, 1, 1, 0, 1, 1, 1, 1, 1, 0, 0, 1, 1, 1, 1, 1, 1, 1, 1, 1, 1, 0, 0, 0, 1, 1, 0, 0, 1, 0, 1, 0, 1, 0, 0, 0, 0, 0, 1, 1, 0, 1, 1, 1, 1, 1, 0, 1, 1, 2, 1, 1, 1, 0, 1, 0, 1, 1, 1, 0, 1, 1, 1, 1, 1, 1, 1, 0, 1, 1, 0, 0, 0, 1, 1, 1, 1, 0, 1, 1, 1, 2, 1, 2, 1, 2, 0, 3, 0, 3, 0, 3, 3, 3, 2, 3, 3, 3, 3, 0, 0, 0, 0, 3, 0, 0, 0, 0, 3, 0, 3, 0, 3, 0, 0, 1, 0, 0, 0, 0, 0, 3, 3, 3, 0, 0, 0, 0, 0, 0, 0, 0, 3, 3, 3, 0, 0, 0, 3, 0, 0, 0, 3, 0, 0, 0, 0, 1, 0, 0, 1, 0, 0, 0, 0, 0, 0, 1, 0, 1, 1, 0, 1, 1, 1, 1, 0, 0, 0, 0, 1, 0, 0, 1, 3, 0, 3, 0, 0, 3, 3, 3, 3, 0, 3, 3, 3, 3, 3, 3, 3, 0, 3, 3, 3, 3, 0, 0, 0, 0, 3, 3, 3]",513.0,"[0, 1, 0, 1, 0, 1, 1, 0, 1, 0, 1, 1, 0, 0, 1, 0, 1, 0, 0, 0, 0, 0, 0, 1, 1, 1, 1, 1, 1, 0, 1, 0, 1, 1, 1, 0, 0, 0, 0, 1, 1, 0, 1, 1, 1, 1, 1, 0, 0, 1, 1, 1, 1, 1, 1, 1, 1, 1, 1, 0, 0, 0, 1, 1, 0, 0, 1, 0, 1, 0, 1, 0, 0, 0, 0, 0, 1, 1, 0, 1, 1, 1, 1, 1, 0, 1, 1, 2, 1, 1, 1, 0, 1, 0, 1, 1, 1, 0, 1, 1, 1, 1, 1, 1, 1, 0, 1, 1, 0, 0, 0, 1, 1, 1, 1, 0, 1, 1, 1, 2, 1, 2, 1, 2, 0, 3, 0, 3, 0, 3, 3, 3, 2, 3, 3, 3, 3, 0, 0, 0, 0, 3, 0, 0, 0, 0, 3, 0, 3, 0, 3, 0, 0, 1, 0, 0, 0, 0, 0, 3, 3, 3, 0, 0, 0, 0, 0, 0, 0, 0, 3, 3, 3, 0, 0, 0, 3, 0, 0, 0, 3, 0, 0, 0, 0, 1, 0, 0, 1, 0, 0, 0, 0, 0, 0, 1, 0, 1, 1, 0, 1, 1, 1, 1, 0, 0, 0, 0, 1, 0, 0, 1, 3, 0, 3, 0, 0, 3, 3, 3, 3, 0, 3, 0, 3, 3, 2, 3, 3, 3, 3, 0, 3, 3, 3, 3, 0, 0, 0, 0, 3, 3, 3]",505.0,"[0, 1, 0, 1, 0, 1, 1, 0, 1, 1, 1, 0, 0, 0, 1, 0, 1, 0, 0, 0, 0, 0, 0, 1, 1, 1, 0, 0, 1, 0, 1, 0, 1, 1, 1, 1, 1, 0, 0, 1, 1, 0, 1, 1, 1, 1, 1, 0, 0, 1, 1, 1, 1, 1, 1, 1, 1, 1, 1, 0, 0, 0, 1, 1, 0, 1, 0, 0, 1, 1, 0, 0, 0, 0, 0, 1, 0, 1, 0, 1, 1, 1, 1, 1, 0, 1, 1, 2, 1, 1, 1, 0, 1, 0, 1, 1, 1, 0, 1, 1, 1, 1, 1, 1, 1, 0, 1, 1, 0, 0, 0, 1, 1, 1, 1, 0, 1, 1, 1, 2, 1, 2, 1, 2, 0, 3, 0, 3, 0, 3, 3, 3, 2, 3, 3, 3, 3, 0, 0, 0, 0, 3, 0, 0, 0, 0, 3, 0, 3, 0, 3, 0, 0, 1, 0, 0, 0, 0, 3, 0, 3, 3, 0, 0, 0, 0, 0, 0, 0, 0, 3, 3, 3, 0, 0, 0, 3, 0, 0, 0, 3, 0, 0, 0, 0, 1, 0, 0, 1, 0, 0, 0, 0, 0, 0, 1, 0, 1, 1, 0, 1, 1, 1, 1, 0, 0, 0, 0, 1, 0, 0, 1, 3, 0, 3, 3, 3, 0, 0, 3, 3, 0, 3, 3, 3, 3, 3, 3, 3, 0, 3, 3, 3, 3, 0, 0, 0, 0, 3, 3, 3]",505.0,"[0, 1, 0, 1, 0, 1, 1, 0, 1, 1, 1, 0, 0, 0, 1, 0, 1, 0, 0, 0, 0, 0, 0, 1, 1, 1, 0, 0, 1, 0, 1, 0, 1, 1, 1, 1, 1, 0, 0, 1, 1, 0, 1, 1, 1, 1, 1, 0, 0, 1, 1, 1, 1, 1, 1, 1, 1, 1, 1, 0, 0, 0, 1, 1, 0, 1, 0, 0, 1, 1, 0, 0, 0, 0, 0, 1, 0, 1, 0, 1, 1, 1, 1, 1, 0, 1, 1, 2, 1, 1, 1, 0, 1, 0, 1, 1, 1, 0, 1, 1, 1, 1, 1, 1, 1, 0, 1, 1, 0, 0, 0, 1, 1, 1, 1, 0, 1, 1, 1, 2, 1, 2, 1, 2, 0, 3, 0, 3, 0, 3, 3, 3, 2, 3, 3, 3, 3, 0, 0, 0, 0, 3, 0, 0, 0, 0, 3, 0, 3, 0, 3, 0, 0, 1, 0, 0, 0, 0, 3, 0, 3, 3, 0, 0, 0, 0, 0, 0, 0, 0, 3, 3, 3, 0, 0, 0, 3, 0, 0, 0, 3, 0, 0, 0, 0, 1, 0, 0, 1, 0, 0, 0, 0, 0, 0, 1, 0, 1, 1, 0, 1, 1, 1, 1, 0, 0, 0, 0, 1, 0, 0, 1, 3, 0, 3, 3, 3, 0, 0, 3, 3, 0, 3, 3, 3, 3, 3, 3, 3, 0, 3, 3, 3, 3, 0, 0, 0, 0, 3, 3, 3]",505.0,"[0, 1, 0, 1, 0, 1, 1, 0, 1, 1, 1, 0, 0, 0, 1, 0, 1, 0, 0, 0, 0, 0, 0, 1, 1, 1, 0, 0, 1, 0, 1, 0, 1, 1, 1, 1, 1, 0, 0, 1, 1, 0, 1, 1, 1, 1, 1, 0, 0, 1, 1, 1, 1, 1, 1, 1, 1, 1, 1, 0, 0, 0, 1, 1, 0, 1, 0, 0, 1, 1, 0, 0, 0, 0, 0, 1, 0, 1, 0, 1, 1, 1, 1, 1, 0, 1, 1, 2, 1, 1, 1, 0, 1, 0, 1, 1, 1, 0, 1, 1, 1, 1, 1, 1, 1, 0, 1, 1, 0, 0, 0, 1, 1, 1, 1, 0, 1, 1, 1, 2, 1, 2, 1, 2, 0, 3, 0, 3, 0, 3, 3, 3, 2, 3, 3, 3, 3, 0, 0, 0, 0, 3, 0, 0, 0, 0, 3, 0, 3, 0, 3, 0, 0, 1, 0, 0, 0, 0, 3, 0, 3, 3, 0, 0, 0, 0, 0, 0, 0, 0, 3, 3, 3, 0, 0, 0, 3, 0, 0, 0, 3, 0, 0, 0, 0, 1, 0, 0, 1, 0, 0, 0, 0, 0, 0, 1, 0, 1, 1, 0, 1, 1, 1, 1, 0, 0, 0, 0, 1, 0, 0, 1, 3, 0, 3, 3, 3, 0, 0, 3, 3, 0, 3, 3, 3, 3, 3, 3, 3, 0, 3, 3, 3, 3, 0, 0, 0, 0, 3, 3, 3]",505.0,"[0, 1, 0, 1, 0, 1, 1, 0, 1, 1, 1, 0, 0, 0, 1, 0, 1, 0, 0, 0, 0, 0, 0, 1, 1, 1, 0, 0, 1, 0, 1, 0, 1, 1, 1, 1, 1, 0, 0, 1, 1, 0, 1, 1, 1, 1, 1, 0, 0, 1, 1, 1, 1, 1, 1, 1, 1, 1, 1, 0, 0, 0, 1, 1, 0, 1, 0, 0, 1, 1, 0, 0, 0, 0, 0, 1, 0, 1, 0, 1, 1, 1, 1, 1, 0, 1, 1, 2, 1, 1, 1, 0, 1, 0, 1, 1, 1, 0, 1, 1, 1, 1, 1, 1, 1, 0, 1, 1, 0, 0, 0, 1, 1, 1, 1, 0, 1, 1, 1, 2, 1, 2, 1, 2, 0, 3, 0, 3, 0, 3, 3, 3, 2, 3, 3, 3, 3, 0, 0, 0, 0, 3, 0, 0, 0, 0, 3, 0, 3, 0, 3, 0, 0, 1, 0, 0, 0, 0, 3, 0, 3, 3, 0, 0, 0, 0, 0, 0, 0, 0, 3, 3, 3, 0, 0, 0, 3, 0, 0, 0, 3, 0, 0, 0, 0, 1, 0, 0, 1, 0, 0, 0, 0, 0, 0, 1, 0, 1, 1, 0, 1, 1, 1, 1, 0, 0, 0, 0, 1, 0, 0, 1, 3, 0, 3, 3, 3, 0, 0, 3, 3, 0, 3, 3, 3, 3, 3, 3, 3, 0, 3, 3, 3, 3, 0, 0, 0, 0, 3, 3, 3]",505.0,"[0, 1, 0, 1, 0, 1, 1, 0, 1, 1, 1, 0, 0, 0, 1, 0, 1, 0, 0, 0, 0, 0, 0, 1, 1, 1, 0, 0, 1, 0, 1, 0, 1, 1, 1, 1, 1, 0, 0, 1, 1, 0, 1, 1, 1, 1, 1, 0, 0, 1, 1, 1, 1, 1, 1, 1, 1, 1, 1, 0, 0, 0, 1, 1, 0, 1, 0, 0, 1, 1, 0, 0, 0, 0, 0, 1, 0, 1, 0, 1, 1, 1, 1, 1, 0, 1, 1, 2, 1, 1, 1, 0, 1, 0, 1, 1, 1, 0, 1, 1, 1, 1, 1, 1, 1, 0, 1, 1, 0, 0, 0, 1, 1, 1, 1, 0, 1, 1, 1, 2, 1, 2, 1, 2, 0, 3, 0, 3, 0, 3, 3, 3, 2, 3, 3, 3, 3, 0, 0, 0, 0, 3, 0, 0, 0, 0, 3, 0, 3, 0, 3, 0, 0, 1, 0, 0, 0, 0, 3, 0, 3, 3, 0, 0, 0, 0, 0, 0, 0, 0, 3, 3, 3, 0, 0, 0, 3, 0, 0, 0, 3, 0, 0, 0, 0, 1, 0, 0, 1, 0, 0, 0, 0, 0, 0, 1, 0, 1, 1, 0, 1, 1, 1, 1, 0, 0, 0, 0, 1, 0, 0, 1, 3, 0, 3, 3, 3, 0, 0, 3, 3, 0, 3, 3, 3, 3, 3, 3, 3, 0, 3, 3, 3, 3, 0, 0, 0, 0, 3, 3, 3]"

map12x12,140.0,445,"[0, 1, 1, 1, 1, 1, 1, 1, 0, 1, 0, 1, 2, 2, 1, 1, 0, 0, 0, 0, 0, 3, 0, 0, 0, 0, 0, 1]",118.0,"[1, 1, 0, 1, 1, 1, 1, 1, 1, 1, 0, 0, 2, 2, 1, 1, 0, 0, 0, 0, 3, 0, 0, 0, 0, 0, 1, 0]",118.0,"[1, 1, 0, 1, 1, 1, 1, 1, 1, 1, 0, 0, 2, 2, 1, 1, 0, 0, 0, 0, 3, 0, 0, 0, 0, 0, 1, 0]",118.0,"[1, 1, 0, 1, 1, 1, 1, 1, 1, 1, 0, 0, 2, 2, 1, 1, 0, 0, 0, 0, 3, 0, 0, 0, 0, 0, 1, 0]",118.0,"[0, 1, 1, 1, 1, 1, 1, 1, 1, 1, 0, 0, 2, 2, 1, 1, 0, 0, 0, 0, 3, 0, 0, 0, 0, 0, 1, 0]",118.0,"[0, 1, 1, 1, 1, 1, 1, 1, 1, 1, 0, 0, 2, 2, 1, 1, 0, 0, 0, 0, 3, 0, 0, 0, 0, 0, 1, 0]",118.0,"[1, 1, 0, 1, 1, 1, 1, 1, 1, 1, 0, 0, 2, 2, 1, 1, 0, 0, 0, 0, 3, 0, 0, 0, 0, 0, 1, 0]",118.0,"[1, 1, 0, 1, 1, 1, 1, 1, 1, 1, 0, 0, 2, 2, 1, 1, 0, 0, 0, 0, 3, 0, 0, 0, 0, 0, 1, 0]",118.0,"[1, 1, 0, 1, 1, 1, 1, 1, 1, 1, 0, 0, 2, 2, 1, 1, 0, 0, 0, 0, 3, 0, 0, 0, 0, 0, 1, 0]",118.0,"[1, 1, 0, 1, 1, 1, 1, 1, 1, 1, 0, 0, 2, 2, 1, 1, 0, 0, 0, 0, 3, 0, 0, 0, 0, 0, 1, 0]",118.0,"[1, 1, 0, 1, 1, 1, 1, 1, 1, 1, 0, 0, 2, 2, 1, 1, 0, 0, 0, 0, 3, 0, 0, 0, 0, 0, 1, 0]"

map15x15,215.0,858,"[0, 0, 0, 0, 0, 0, 0, 1, 1, 1, 0, 0, 1, 1, 0, 0, 0, 3, 1, 1, 1, 1, 2, 1, 1, 2, 2, 2, 2, 1, 1, 1, 1, 3, 3, 3, 3, 0, 0, 0, 0, 1, 1, 0, 0, 0, 1, 1]",178.0,"[0, 1, 0, 1, 1, 0, 1, 1, 1, 1, 1, 1, 1, 1, 1, 0, 0, 1, 1, 0, 0, 3, 3, 3, 3, 0, 3, 0, 3, 0, 3, 3, 3, 0, 0, 3, 1, 2, 2, 1, 1, 1, 0, 1, 1, 1, 1, 1, 0, 0, 1, 0]",178.0,"[0, 1, 0, 1, 1, 0, 1, 1, 1, 1, 1, 1, 1, 1, 1, 0, 0, 1, 1, 0, 0, 3, 3, 3, 3, 0, 3, 0, 3, 0, 3, 3, 3, 0, 0, 3, 1, 2, 2, 1, 1, 1, 0, 1, 1, 1, 1, 1, 0, 0, 1, 0]",178.0,"[0, 1, 0, 1, 1, 0, 1, 1, 1, 1, 1, 1, 1, 1, 1, 0, 0, 1, 1, 0, 0, 3, 3, 3, 3, 0, 3, 0, 3, 0, 3, 3, 3, 0, 0, 3, 1, 2, 2, 1, 1, 1, 0, 1, 1, 1, 1, 1, 0, 0, 1, 0]",178.0,"[0, 1, 0, 1, 1, 0, 1, 1, 1, 1, 1, 1, 1, 1, 1, 0, 0, 1, 1, 0, 0, 3, 3, 3, 3, 0, 3, 0, 3, 0, 3, 3, 3, 0, 0, 3, 1, 2, 2, 1, 1, 1, 0, 1, 1, 1, 1, 1, 0, 0, 1, 0]",195.0,"[0, 1, 0, 1, 1, 0, 1, 1, 1, 1, 1, 1, 1, 1, 1, 0, 0, 1, 1, 0, 0, 3, 3, 3, 3, 0, 3, 0, 3, 0, 3, 3, 3, 0, 0, 3, 1, 1, 0, 1, 1, 1, 1, 2, 2, 1, 1, 1, 0, 0, 1, 0]",178.0,"[0, 1, 0, 1, 1, 0, 1, 1, 1, 1, 1, 1, 1, 1, 1, 0, 0, 1, 1, 0, 0, 3, 3, 3, 3, 0, 3, 0, 3, 0, 3, 3, 3, 0, 0, 3, 1, 2, 2, 1, 1, 1, 0, 1, 1, 1, 1, 1, 0, 0, 1, 0]",178.0,"[0, 1, 0, 1, 1, 0, 1, 1, 1, 1, 1, 1, 1, 1, 1, 0, 0, 1, 1, 0, 0, 3, 3, 3, 3, 0, 3, 0, 3, 0, 3, 3, 3, 0, 0, 3, 1, 2, 2, 1, 1, 1, 0, 1, 1, 1, 1, 1, 0, 0, 1, 0]",178.0,"[0, 1, 0, 1, 1, 0, 1, 1, 1, 1, 1, 1, 1, 1, 1, 0, 0, 1, 1, 0, 0, 3, 3, 3, 3, 0, 3, 0, 3, 0, 3, 3, 3, 0, 0, 3, 1, 2, 2, 1, 1, 1, 0, 1, 1, 1, 1, 1, 0, 0, 1, 0]",178.0,"[0, 1, 0, 1, 1, 0, 1, 1, 1, 1, 1, 1, 1, 1, 1, 0, 0, 1, 1, 0, 0, 3, 3, 3, 3, 0, 3, 0, 3, 0, 3, 3, 3, 0, 0, 3, 1, 2, 2, 1, 1, 1, 0, 1, 1, 1, 1, 1, 0, 0, 1, 0]",178.0,"[0, 1, 0, 1, 1, 0, 1, 1, 1, 1, 1, 1, 1, 1, 1, 0, 0, 1, 1, 0, 0, 3, 3, 3, 3, 0, 3, 0, 3, 0, 3, 3, 3, 0, 0, 3, 1, 2, 2, 1, 1, 1, 0, 1, 1, 1, 1, 1, 0, 0, 1, 0]"

map20x20,203.0,1045,"[1, 0, 1, 0, 0, 0, 0, 1, 1, 1, 1, 1, 1, 1, 1, 1, 1, 1, 1, 1, 1, 0, 1, 1, 2, 0, 3, 0, 0, 1, 0, 0, 0, 0, 0, 3, 3, 0, 0, 1, 1, 0, 0, 0, 0, 1]",188.0,"[1, 1, 0, 0, 0, 0, 1, 0, 1, 1, 1, 1, 1, 1, 1, 1, 1, 1, 1, 1, 2, 2, 1, 1, 1, 0, 0, 0, 3, 0, 0, 1, 0, 0, 0, 0, 0, 3, 3, 1, 0, 0, 1, 0, 0, 1, 0, 0]",188.0,"[1, 1, 0, 0, 0, 0, 1, 0, 1, 1, 1, 1, 1, 1, 1, 1, 1, 1, 1, 1, 2, 2, 1, 1, 1, 0, 0, 0, 3, 0, 0, 1, 0, 0, 0, 0, 0, 3, 3, 1, 0, 0, 1, 0, 0, 1, 0, 0]",188.0,"[1, 1, 0, 0, 0, 0, 1, 0, 1, 1, 1, 1, 1, 1, 1, 1, 1, 1, 1, 1, 2, 2, 1, 1, 1, 0, 0, 0, 3, 0, 0, 1, 0, 0, 0, 0, 0, 3, 3, 1, 0, 0, 1, 0, 0, 1, 0, 0]",188.0,"[1, 1, 0, 0, 0, 0, 1, 0, 1, 1, 1, 1, 1, 1, 1, 1, 1, 1, 1, 1, 2, 2, 1, 1, 1, 0, 0, 0, 3, 0, 0, 1, 0, 0, 0, 0, 0, 3, 3, 1, 0, 0, 1, 0, 0, 1, 0, 0]",188.0,"[1, 1, 0, 0, 0, 0, 1, 0, 1, 1, 1, 1, 1, 1, 1, 1, 1, 1, 1, 1, 2, 2, 1, 1, 1, 0, 0, 0, 3, 0, 0, 1, 0, 0, 0, 0, 0, 3, 3, 1, 0, 0, 1, 0, 0, 1, 0, 0]",188.0,"[1, 1, 0, 0, 0, 0, 1, 0, 1, 1, 1, 1, 1, 1, 1, 1, 1, 1, 1, 1, 2, 2, 1, 1, 1, 0, 0, 0, 3, 0, 0, 1, 0, 0, 0, 0, 0, 3, 3, 1, 0, 0, 1, 0, 0, 1, 0, 0]",188.0,"[1, 1, 0, 0, 0, 0, 1, 0, 1, 1, 1, 1, 1, 1, 1, 1, 1, 1, 1, 1, 2, 2, 1, 1, 1, 0, 0, 0, 3, 0, 0, 1, 0, 0, 0, 0, 0, 3, 3, 1, 0, 0, 1, 0, 0, 1, 0, 0]",188.0,"[1, 1, 0, 0, 0, 0, 1, 0, 1, 1, 1, 1, 1, 1, 1, 1, 1, 1, 1, 1, 2, 2, 1, 1, 1, 0, 0, 0, 3, 0, 0, 1, 0, 0, 0, 0, 0, 3, 3, 1, 0, 0, 1, 0, 0, 1, 0, 0]",188.0,"[1, 1, 0, 0, 0, 0, 1, 0, 1, 1, 1, 1, 1, 1, 1, 1, 1, 1, 1, 1, 2, 2, 1, 1, 1, 0, 0, 0, 3, 0, 0, 1, 0, 0, 0, 0, 0, 3, 3, 1, 0, 0, 1, 0, 0, 1, 0, 0]",188.0,"[1, 1, 0, 0, 0, 0, 1, 0, 1, 1, 1, 1, 1, 1, 1, 1, 1, 1, 1, 1, 2, 2, 1, 1, 1, 0, 0, 0, 3, 0, 0, 1, 0, 0, 0, 0, 0, 3, 3, 1, 0, 0, 1, 0, 0, 1, 0, 0]"

